allele,mhc_sequence,mhc_class
HLA-A*29:126,TWAGSHSMRYFTTSVSRPGRGEPRFIAVGYVDDTQFVRFDSDAASQRMEPRAPWIEQE-GPEYWDLQTRNVKAQSQTDR---ANLGTLRGYYNQSEAGSHTIQMMYGCDVGSD-------------GRFLRG-----------YRQDAYDGKDYIALNED------L----------RSWTAADMAAQITQRKWEAARVAAQITQR-KWEAA----RVAE-QLR---------AYL--------E-------G------TCVE-----WLRRYLEN--------------GKET--------LQ-RT-----,1
HLA-DMA*01:01:01:01,TWAGSHSMRYFTTSVSRPGRGEPRFIAVGYVDDTQFVRFDSDAASQRMEPRAPWIEQE-GPEYWDLQTRNVKAQSQTDR---ANLGTLRGYYNQSEAGSHTIQMMYGCDVGSD-------------GRFLRG-----------YRQDAYDGKDYIALNED------L----------RSWTAADMAAQITQRKWEAARVAAQITQR-KWEAA----RVAE-QLR---------AYL--------E-------G------TCVE-----WLRRYLEN--------------GKET--------LQ-RT-----,1
HLA-A*26:11,TWAGSHSMRYFYTSVSRPGRGEPRFIAVGYVDDTQFVRFDSDAASQRMEPRAPWIEQE-GPEYWDRNTRNVKAHSQTDR---ANLGTLRGYYNQSEDGSHTIQRMYGCDVGPD-------------GRFLRG-----------YQQDAYDGKDYIALNED------L----------RSWTAADM--------------AAQITQR-KWETPPMRRSSGEPTWR-------AGAWS----------------GSAD-----------TW-------------------RTGRRR--------CSARTPPRRI,1
HLA-A*03:266,TWAGSHSMRYFFTSVSRPGRGEPRFIAVGYVDDTQFVRFDSDAASQRMEPRAPWIEQE-GPEYWDQETRNVKAQSQTDR---VDLGTLRGYYNQSEAGSHTIQIMYGCDVGSD-------------GRFLRG-----------YRQDAYDGKDYIALNED------L----------RSWTAADM--------------AAQITKR-KWEAA----HEAE-QLS-----------L--------P-------G------WHVR-----GVAPQI-P--------------GEREGDAAAHGPPQ-DT-----,1
HLA-A*01:290,TWAGSHSMRYFFTSVSRPGRGEPRFIAVGYVDDTQFVRFDSDAASQKMEPRAPWIEQE-GPEYWDQETRNMKAHSQTDR---ANLGTLRGYYNQSEDGSHTIQIMYGCDVGPD-------------GRFLRG-----------YRQDAYDGKDYIALNED------L----------RSWTAADM--------------AAQITKR-KWEAV----HAA--EQR---------SLP--------G-------GPVRGRAPQIP-----GEREGDAA--------------AHGP--------PQ-DT-----,1
HLA-A*01:394,TWAGSHSMRYFFTSVSRPGRGEPRFIAVGYVDDTQFVRFDSDAASQKMEPRAPWIEQE-GPEYWDQETRNMKAHSQTDR---ANLGTLRGYYNQSEDGSHTIQIMYGCDVGPD-------------GRFLRG-----------YRQDAYDGKDYIALNED------L----------RSWTAADM--------------AAQITKR-QVGGG----PCGG-AAE---------SLP--------G-------GPVR-RAPQIP-----GEREGDAA--------------AHGP--------PQ-DT-----,1
HLA-A*01:16,TWAGSHSMRYFFTSVSRPGRGEPRFIAVGYVDDTQFVRFDSDAASQKMEPRAPWIEQE-GPEYWDQETRNMKAHSQTDR---ANLGTLRGYYNQSEDGSHTIQIMYGCDVGPD-------------GRFLRG-----------YRQDAYDGKDYIALNED------L----------RSWTAADM--------------AAQITKR-KWEAV----HAAG-AAE---------SLP--------G-------GPVR-RAPQIP-----GEREGDAA--------------AHGP--------PQ-DT-----,1
HLA-A*11:310,TWAGSHSMRYFYTSVSRPGRGEPRFIAVGYVDDTQFVRFDSDAASQRMEPRAPWIEQE-GPEYWDQETRNVKAQSQTDR---VDLGTLRGYYNQSEDGSHTIQIMYGCDVGPD-------------GRFLRG-----------YRQDAYDGKDYIALNED------L----------RSWTAADM--------------AAQITKR-KWEAA----HAAE-QQR---------ATW--------R-------A------GAWS-----GSADTWRT--------------GRRRCSART-------------,1
HLA-C*01:222,TWACSHSMKYFFTSVSRPGRGEPRFISVGYVDDTQFVRFDSDAASPRGEPRAPWVEQE-GPEYWDRETQKYKRQAQTDR---VSLRNLRGYYNQSEAGSHTLQWMCGCDLGPD-------------GRLLRG-----------YDQYAYDGKDYIALNED------L----------RSWTAADT--------------AAQITQR-KWEAA----RRRS-SWR---------ARA--------S-------G------SADT-----W-------------------RTGRRRCSARN---TQ-RH-----,1
HLA-C*07:43:01,TWACSHSMRYFDTAVSRPGRGEPRFISVGYVDDTQFVRFDSDAASPRGEPRAPWVEQE-GPEYWDRETQKYKRQAQADR---VSLRNLRGYYNQSEDGSHIIQRMYGCDLGPD-------------GRLLRG-----------YDQSAYDGKDYIALNED------L----------RSWTAADT--------------AAQITQR-KLEAA----RAAE-QLR---------AYL--------E-------G------TCVE-----WLRRYLEN--------------GKET--------LQ-RA-----,1
HLA-C*07:1013,TWACSHSMRYFDTAVSRPGRGEPRFISVGYVDDTQFVRFDSDAASPRGEPRAPWVEQE-GPEYWDRETQKYKRQAQADR---VSLRNLRGYYNQSEDGSHTLQRMYGCDVGPD-------------GRLLRG-----------YDQYAYDGKDYIALNED------L----------RSWTAADT--------------AAQITQR-KLEAA----RAAE-QLR---------AYL--------E-------G------TCVE-----WLRRYLEN--------------GKET--------LQ-RA-----,1
HLA-C*07:1109,TWACSHSMRYFDTAVSRPGRGEPRFISVGYVDDTQFVRFDSDAASPRGEPRAPWVEQE-GPEYWDRETQKYKRQAQADR---VSLRNLRGYYNQSEDGSHIIQRMYGCDVGPD-------------GRLLRG-----------YDQSAYDGKDYIALNED------L----------RSWTAADT--------------AAQITQR-KLEAA----RAAE-QLR---------AYL--------E-------G------TCVE-----WLRRYLEN--------------GKET--------LQ-RA-----,1
HLA-C*07:605,TWACSHSMRYFDTAVSRPGRGEPRFISVGYVDDTQFVRFDSDAASPRGEPRAPWVEQE-GPEYWDRETQKYKRQAQADR---VSLRNLRGYYNQSEDGSHTLQRMSGCDLGPD-------------GRLLRG-----------YDQSAYDGKDYIALNED------L----------RSWTAADT--------------AAQITHC-KLEAA----RAAE-QLR---------AYL--------E-------G------TCVE-----WLRRYLEN--------------GKET--------LQ-RA-----,1
HLA-C*07:915,TWACSHSMRYFDTAVSRPGRGEPRFISVGYVDDTQFVRFDSDAASPRGEPRAPWVEQE-GPEYWDRETQNYKRQAQADR---VSLRNLRGYYNQSEDGSHTLQRMYGCDLGPD-------------GRLLRG-----------YDQSAYDGKDYIALNED------L----------RSWTAADN--------------AAQITQR-KLEAA----RAAE-QLR---------AYL--------E-------G------TCVE-----WLRRYLEN--------------GKET--------LQ-RA-----,1
HLA-C*07:370,TWACSHSMRYFDTAVSRPGRGEPRFISVGYVDDTQFVRFDSDAASPRGEPRAPWVEQE-GPEYWDRETQNYKRQAQADR---VSLRNLRGYYNQSEDGSHTLQRMYGCDLGPD-------------GRLLRG-----------YDQSAYDGKDYIALNED------L----------RSWTAADT--------------AAQITQR-KLEAA----RAAE-QLR---------AYL--------K-------G------TCVE-----WLRRYLEN--------------GKET--------LQ-RA-----,1
HLA-C*06:38,TWACSHSMRYFDTAVSRPGRGEPRFISVGYVDDTQFVRFDSDAASPRGEPRAPWVEQE-GPEYWDRETQKYKRQAQADR---VNLRKLRGYYNQSEDGSHTLQWMYGCDLGPD-------------GRLLLG-----------YDQSAYDGKDYIALNED------L----------RSWTAADT--------------AAQITQR-KWEAA----REAE-QWR---------AYL--------E-------G------TCVE-----WLRRYLEN--------------GKET--------LQ-RA-----,1
HLA-B*35:11:02,----SHSMRYFYTAMSRPGRGEPRFIAVGYVDDTQFVRFDSDAASPRTEPRAPWIEQE-GPEYWDRNTQIFKTNTQTYR---ESLRNLRGYYNQSEAGSHIIQRMYGCDLGPD-------------GRLLRG-----------HDQSAYDGKDYIALNED------L----------SSWTAADT--------------AAQITQR-KWEAA----REAE-QLR---------AYL--------E-------G------LCVE-----WLRRYLEN--------------GKET--------LQ-RA-----,1
HLA-B*35:11:03,----SHSMRYFYTAMSRPGRGEPRFIAVGYVDDTQFVRFDSDAASPRTEPRAPWIEQE-GPEYWDRNTQIFKTNTQTYR---ESLRNLRGYYNQSEAGSHIIQRMYGCDLGPD-------------GRLLRG-----------HDQSAYDGKDYIALNED------L----------SSWTAADT--------------AAQITQR-KWEAA----REAE-QLR---------AYL--------E-------G------LCVE-----WLRRYLEN--------------GKET--------LQ-RA-----,1
HLA-B*35:11:04,----SHSMRYFYTAMSRPGRGEPRFIAVGYVDDTQFVRFDSDAASPRTEPRAPWIEQE-GPEYWDRNTQIFKTNTQTYR---ESLRNLRGYYNQSEAGSHIIQRMYGCDLGPD-------------GRLLRG-----------HDQSAYDGKDYIALNED------L----------SSWTAADT--------------AAQITQR-KWEAA----REAE-QLR---------AYL--------E-------G------LCVE-----WLRRYLEN--------------GKET--------LQ-RA-----,1
HLA-B*35:14:01,----SHSMRYFYTAMSRPGRGEPRFIAVGYVDDTQFVRFDSDAASPRTEPRAPWIEQE-GPEYWDRNTQIFKTNTQTYR---ESLRNLRGYYNQSEAGSHIIQRMYGCDLGPD-------------GRLLRG-----------HDQSAYDGKDYIALNED------L----------SSWTAADT--------------AAQITQR-KWEAA----REAE-QWR---------AYL--------E-------G------LCVE-----WLRRYLEN--------------GKET--------LQ-RA-----,1
HLA-B*35:14:02,----SHSMRYFYTAMSRPGRGEPRFIAVGYVDDTQFVRFDSDAASPRTEPRAPWIEQE-GPEYWDRNTQIFKTNTQTYR---ESLRNLRGYYNQSEAGSHIIQRMYGCDLGPD-------------GRLLRG-----------HDQSAYDGKDYIALNED------L----------SSWTAADT--------------AAQITQR-KWEAA----REAE-QWR---------AYL--------E-------G------LCVE-----WLRRYLEN--------------GKET--------LQ-RA-----,1
HLA-B*35:14:03,----SHSMRYFYTAMSRPGRGEPRFIAVGYVDDTQFVRFDSDAASPRTEPRAPWIEQE-GPEYWDRNTQIFKTNTQTYR---ESLRNLRGYYNQSEAGSHIIQRMYGCDLGPD-------------GRLLRG-----------HDQSAYDGKDYIALNED------L----------SSWTAADT--------------AAQITQR-KWEAA----REAE-QWR---------AYL--------E-------G------LCVE-----WLRRYLEN--------------GKET--------LQ-RA-----,1
HLA-B*35:512,----SHSMRYFYTAMSRPGRGEPRFIAVGYVDDTQFVRFDSDAASPRTEPRAPWIEQE-GPEYWDRNTQIFKTNTQTYR---ESLRNLRGYYNQSEAGSHIIQRMYGCDLGPD-------------GRLLRG-----------HDQSAYDGKDYIALNED------L----------SSWTAADT--------------AAQITQR-KWEAA----REAE-QWR---------AYL--------E-------G------LCVE-----WLRRYLEN--------------GKET--------LQ-RA-----,1
HLA-B*35:15:02,----SHSMRYFYTAMSRPGRGEPRFIAVGYVDDTQFVRFDSDAASPRTEPRAPWIEQE-GPEYWDRNTQIFKTNTQTYR---ESLRNLRGYYNQSEAGSHIIQRMYGCDLGPD-------------GRLLRG-----------HDQSAYDGKDYIALNED------L----------SSWTAADT--------------AAQITQR-KWEAA----RVAE-QLR---------AYL--------E-------G------ECVE-----WLRRYLEN--------------GKET--------LQ-RA-----,1
HLA-B*35:15:01,----SHSMRYFYTAMSRPGRGEPRFIAVGYVDDTQFVRFDSDAASPRTEPRAPWIEQE-GPEYWDRNTQIFKTNTQTYR---ESLRNLRGYYNQSEAGSHIIQRMYGCDLGPD-------------GRLLRG-----------HDQSAYDGKDYIALNED------L----------SSWTAADT--------------AAQITQR-KWEAA----RVAE-QLR---------AYL--------E-------G------ECVE-----WLRRYLEN--------------GKET--------LQ-RA-----,1
HLA-B*35:16,----SHSMRYFYTAMSRPGRGEPRFIAVGYVDDTQFVRFDSDAASPRTEPRAPWIEQE-GPEYWDRETQIFKTNTQTYR---ESLRNLRGYYNQSEAGSHIIQSMYGCDVGPD-------------GRLLRG-----------HDQSAYDGKDYIALNED------L----------SSWTAADT--------------AAQITQR-KWEAA----RVAE-QLR---------AYL--------E-------G------LCVE-----WLRRYLEN--------------GKET--------LQ-RA-----,1
HLA-B*35:17:01:01,----SHSMRYFYTAMSRPGRGEPRFIAVGYVDDTQFVRFDSDAASPRTEPRAPWIEQE-GPEYWDRNTQIFKTNTQTYR---ESLRNLRGYYNQSEAGSHIIQSMYGCDVGPD-------------GRLLRG-----------HDQSAYDGKDYIALNED------L----------SSWTAADT--------------AAQITQR-KWEAA----RVAE-QLR---------AYL--------E-------G------LCVE-----WLRRYLEN--------------GKET--------LQ-RA-----,1
HLA-B*35:17:01:02,----SHSMRYFYTAMSRPGRGEPRFIAVGYVDDTQFVRFDSDAASPRTEPRAPWIEQE-GPEYWDRNTQIFKTNTQTYR---ESLRNLRGYYNQSEAGSHIIQSMYGCDVGPD-------------GRLLRG-----------HDQSAYDGKDYIALNED------L----------SSWTAADT--------------AAQITQR-KWEAA----RVAE-QLR---------AYL--------E-------G------LCVE-----WLRRYLEN--------------GKET--------LQ-RA-----,1
HLA-B*35:17:01:03,----SHSMRYFYTAMSRPGRGEPRFIAVGYVDDTQFVRFDSDAASPRTEPRAPWIEQE-GPEYWDRNTQIFKTNTQTYR---ESLRNLRGYYNQSEAGSHIIQSMYGCDVGPD-------------GRLLRG-----------HDQSAYDGKDYIALNED------L----------SSWTAADT--------------AAQITQR-KWEAA----RVAE-QLR---------AYL--------E-------G------LCVE-----WLRRYLEN--------------GKET--------LQ-RA-----,1
HLA-B*35:17:02,----SHSMRYFYTAMSRPGRGEPRFIAVGYVDDTQFVRFDSDAASPRTEPRAPWIEQE-GPEYWDRNTQIFKTNTQTYR---ESLRNLRGYYNQSEAGSHIIQSMYGCDVGPD-------------GRLLRG-----------HDQSAYDGKDYIALNED------L----------SSWTAADT--------------AAQITQR-KWEAA----RVAE-QLR---------AYL--------E-------G------LCVE-----WLRRYLEN--------------GKET--------LQ-RA-----,1
HLA-B*35:17:03,----SHSMRYFYTAMSRPGRGEPRFIAVGYVDDTQFVRFDSDAASPRTEPRAPWIEQE-GPEYWDRNTQIFKTNTQTYR---ESLRNLRGYYNQSEAGSHIIQSMYGCDVGPD-------------GRLLRG-----------HDQSAYDGKDYIALNED------L----------SSWTAADT--------------AAQITQR-KWEAA----RVAE-QLR---------AYL--------E-------G------LCVE-----WLRRYLEN--------------GKET--------LQ-RA-----,1
HLA-B*35:17:04,----SHSMRYFYTAMSRPGRGEPRFIAVGYVDDTQFVRFDSDAASPRTEPRAPWIEQE-GPEYWDRNTQIFKTNTQTYR---ESLRNLRGYYNQSEAGSHIIQSMYGCDVGPD-------------GRLLRG-----------HDQSAYDGKDYIALNED------L----------SSWTAADT--------------AAQITQR-KWEAA----RVAE-QLR---------AYL--------E-------G------LCVE-----WLRRYLEN--------------GKET--------LQ-RA-----,1
HLA-B*35:17:05,----SHSMRYFYTAMSRPGRGEPRFIAVGYVDDTQFVRFDSDAASPRTEPRAPWIEQE-GPEYWDRNTQIFKTNTQTYR---ESLRNLRGYYNQSEAGSHIIQSMYGCDVGPD-------------GRLLRG-----------HDQSAYDGKDYIALNED------L----------SSWTAADT--------------AAQITQR-KWEAA----RVAE-QLR---------AYL--------E-------G------LCVE-----WLRRYLEN--------------GKET--------LQ-RA-----,1
HLA-B*35:125,----SHSMRYFYTAMSRPGRGEPRFISVGYVDDTQFVRFDSDAASPRTEPRAPWIEQE-GPEYWDRNTQIFKTNTQTYR---ESLRNLRGYYNQSEAGSHIIQSMYGCDVGPD-------------GRLLRG-----------HDQSAYDGKDYIALNED------L----------SSWTAADT--------------AAQITQR-KWEAA----RVAE-QLR---------AYL--------E-------G------LCVE-----WLRRYLEN--------------GKET--------LQ-RA-----,1
HLA-B*35:21,----SHSMRYFYTAMSRPGRGEPRFIAVGYVDDTQFVRFDSDAASPRTEPRAPWIEQE-GPEYWDRNTQIFKTNTQTYR---ESLRNLRGYYNQSEAGSHIIQRMYGCDLGPD-------------GRLLRG-----------HDQSAYDGKDYIALNED------L----------SSWTAADT--------------AAQITQR-KWEAA----REAE-QLR---------AYL--------E-------G------LCVE-----WLRRHLEN--------------GKET--------LQ-RA-----,1
HLA-B*35:23,----SHSMRYFYTAMSRPGRGEPRFIAVGYVDDTQFVRFDSDAASPRTEPRAPWIEQE-GPEYWDRNTQIFKTNTQTYR---ESLRNLRGYYNQSEAGSHIIQRMFGCDLGPD-------------GRLLRG-----------HDQSAYDGKDYIALNED------L----------SSWTAADT--------------AAQITQR-KWEAA----RVAE-QLR---------AYL--------E-------G------LCVE-----WLRRYLEN--------------GKET--------LQ-RA-----,1
HLA-B*35:24:02,----SHSMRYFYTAMSRPGRGEPRFIAVGYVDDTQFVRFDSDAASPRTEPRAPWIEQE-GPEYWDRNTQIFKTNTQTYR---ESLRNLRGYYNQSEAGSHIIQRMYGCDLGPD-------------GRLLRG-----------HDQSAYDGKDYIALNED------L----------SSWTAADT--------------AAQITQR-KWEAA----RVAE-QLR---------AYL--------E-------G------LCVE-----WLRRHLEN--------------GKET--------LQ-RA-----,1
HLA-B*35:24:01,----SHSMRYFYTAMSRPGRGEPRFIAVGYVDDTQFVRFDSDAASPRTEPRAPWIEQE-GPEYWDRNTQIFKTNTQTYR---ESLRNLRGYYNQSEAGSHIIQRMYGCDLGPD-------------GRLLRG-----------HDQSAYDGKDYIALNED------L----------SSWTAADT--------------AAQITQR-KWEAA----RVAE-QLR---------AYL--------E-------G------LCVE-----WLRRHLEN--------------GKET--------LQ-RA-----,1
HLA-B*35:28:01:01,----SHSMRYFYTAMSRPGRGEPRFIAVGYVDDTQFVRFDSDAASPRTEPRAPWIEQE-GPEYWDRETQISKTNTQTYR---ESLRNLRGYYNQSEAGSHIIQRMYGCDLGPD-------------GRLLRG-----------HDQSAYDGKDYIALNED------L----------SSWTAADT--------------AAQITQR-KWEAA----RVAE-QLR---------AYL--------E-------G------LCVE-----WLRRYLEN--------------GKET--------LQ-RA-----,1
HLA-B*35:28:01:02,----SHSMRYFYTAMSRPGRGEPRFIAVGYVDDTQFVRFDSDAASPRTEPRAPWIEQE-GPEYWDRETQISKTNTQTYR---ESLRNLRGYYNQSEAGSHIIQRMYGCDLGPD-------------GRLLRG-----------HDQSAYDGKDYIALNED------L----------SSWTAADT--------------AAQITQR-KWEAA----RVAE-QLR---------AYL--------E-------G------LCVE-----WLRRYLEN--------------GKET--------LQ-RA-----,1
HLA-B*35:28:01:03,----SHSMRYFYTAMSRPGRGEPRFIAVGYVDDTQFVRFDSDAASPRTEPRAPWIEQE-GPEYWDRETQISKTNTQTYR---ESLRNLRGYYNQSEAGSHIIQRMYGCDLGPD-------------GRLLRG-----------HDQSAYDGKDYIALNED------L----------SSWTAADT--------------AAQITQR-KWEAA----RVAE-QLR---------AYL--------E-------G------LCVE-----WLRRYLEN--------------GKET--------LQ-RA-----,1
HLA-B*35:30:01:02,----SHSMRYFYTAMSRPGRGEPRFIAVGYVDDTQFVRFDSDAASPRTEPRAPWIEQE-GPEYWDRNTQIFKTNTQTYR---ESLRNLRGYYNQSEAGSHIIQSMYGCDLGPD-------------GRLLRG-----------HDQSAYDGKDYIALNED------L----------SSWTAADT--------------AAQITQR-KWEAA----RVAE-QLR---------AYL--------E-------G------LCVE-----WLRRYLEN--------------GKET--------LQ-RA-----,1
HLA-B*35:30:01:01,----SHSMRYFYTAMSRPGRGEPRFIAVGYVDDTQFVRFDSDAASPRTEPRAPWIEQE-GPEYWDRNTQIFKTNTQTYR---ESLRNLRGYYNQSEAGSHIIQSMYGCDLGPD-------------GRLLRG-----------HDQSAYDGKDYIALNED------L----------SSWTAADT--------------AAQITQR-KWEAA----RVAE-QLR---------AYL--------E-------G------LCVE-----WLRRYLEN--------------GKET--------LQ-RA-----,1
HLA-B*35:37,----SHSMRYFYTAMSRPGRGEPRFIAVGYVDDTQFVRFDSDAASPRTEPRAPWIEQE-GPEYWDRNTQIFKTNTQTYR---ESLRNLRGYYNQSEAGSHTWQTMYGCDLGPD-------------GRLLRG-----------HDQSAYDGKDYIALNED------L----------SSWTAADT--------------AAQITQR-KWEAA----RVAE-QLR---------AYL--------E-------G------LCVE-----WLRRYLEN--------------GKET--------LQ-RA-----,1
HLA-B*35:52,----SHSMRYFYTAMSRPGRGEPRFIAVGYVDDTQFVRFDSDAASPRTEPRAPWIEQE-GPEYWDRNTQIFKTNTQTYR---ECLRNLRGYYNQSEAGSHIIQRMYGCDLGPD-------------GRLLRG-----------HDQSAYDGKDYIALNED------L----------SSWTAADT--------------AAQITQR-KWEAA----RVAE-QLR---------AYL--------E-------G------LCVE-----WLRRYLEN--------------GKET--------LQ-RA-----,1
HLA-B*35:61:02,----SHSMRYFYTAMSRPGRGEPRFIAVGYVDDTQFVRFDSDAASPRTEPRAPWIEQE-GPEYWDRNTQIFKTNTQTYR---ESLRNLRGYYNQSEAGSHIIQRMYGCDVGPD-------------GRLLRG-----------HDQSAYDGKDYIALNED------L----------SSWTAADT--------------AAQITQR-KWEAA----RVAE-QRR---------AYL--------E-------G------LCVE-----WLRRYLEN--------------GKET--------LQ-RA-----,1
HLA-B*35:61:01,----SHSMRYFYTAMSRPGRGEPRFIAVGYVDDTQFVRFDSDAASPRTEPRAPWIEQE-GPEYWDRNTQIFKTNTQTYR---ESLRNLRGYYNQSEAGSHIIQRMYGCDVGPD-------------GRLLRG-----------HDQSAYDGKDYIALNED------L----------SSWTAADT--------------AAQITQR-KWEAA----RVAE-QRR---------AYL--------E-------G------LCVE-----WLRRYLEN--------------GKET--------LQ-RA-----,1
HLA-B*35:64:01,----SHSMRYFYTAMSRPGRGEPRFIAVGYVDDTQFVRFDSDAASPRTEPRAPWIEQE-GPEYWDRNTQIFKTNTQTYR---ESLRNLRGYYNQSEAGSHIIQRMYGCDLGPD-------------GRLLRG-----------HDQSAYDGKDYIALNED------L----------RSWTAADT--------------AAQITQR-KWEAA----RVAE-QLR---------AYL--------E-------G------LCVE-----WLRRYLEN--------------GKET--------LQ-RA-----,1
HLA-B*35:64:02,----SHSMRYFYTAMSRPGRGEPRFIAVGYVDDTQFVRFDSDAASPRTEPRAPWIEQE-GPEYWDRNTQIFKTNTQTYR---ESLRNLRGYYNQSEAGSHIIQRMYGCDLGPD-------------GRLLRG-----------HDQSAYDGKDYIALNED------L----------RSWTAADT--------------AAQITQR-KWEAA----RVAE-QLR---------AYL--------E-------G------LCVE-----WLRRYLEN--------------GKET--------LQ-RA-----,1
HLA-B*35:331,----SHSMRYFYTAMSRPGRGEPRFIAVGYVDDTQFVRFDSDAASPRTEPRAPWIEQE-GPEYWDRNTQIFKTNTQTYR---ESLRNLRGYYNQSEAGSHIIQRMYGCDLGPD-------------GRLLRG-----------HDQSAYDGKDYIALNED------L----------RSWTAADT--------------AAQISQR-KWEAA----RVAE-QLR---------AYL--------E-------G------LCVE-----WLRRYLEN--------------GKET--------LQ-RA-----,1
HLA-B*35:68:01,----SHSMRYFYTAMSRPGRGEPRFIAVGYVDDTQFVRFDSDAASPRTEPRAPWIEQE-GPEYWDRNTQIFKTNTQTYR---ESLRNLRGYYNQSEAGSHTLQRMYGCDLGPD-------------GRLLRG-----------HDQSAYDGKDYIALNED------L----------SSWTAADT--------------AAQITQR-KWEAA----RVAE-QLR---------AYL--------E-------G------LCVE-----WLRRYLEN--------------GKET--------LQ-RA-----,1
HLA-B*35:68:02,----SHSMRYFYTAMSRPGRGEPRFIAVGYVDDTQFVRFDSDAASPRTEPRAPWIEQE-GPEYWDRNTQIFKTNTQTYR---ESLRNLRGYYNQSEAGSHTLQRMYGCDLGPD-------------GRLLRG-----------HDQSAYDGKDYIALNED------L----------SSWTAADT--------------AAQITQR-KWEAA----RVAE-QLR---------AYL--------E-------G------LCVE-----WLRRYLEN--------------GKET--------LQ-RA-----,1
HLA-B*35:523,----SHSMRYFYTAMSRPGRGEPRFIAVGYVDDTQFVRFDSDAASPRTEPRAPWIEQE-GPEYWDRNTQIFKTNTQTYR---ESLRNLRGYYNQSEAGSHTLQRMFGCDLGPD-------------GRLLRG-----------HDQSAYDGKDYIALNED------L----------SSWTAADT--------------AAQITQR-KWEAA----RVAE-QLR---------AYL--------E-------G------LCVE-----WLRRYLEN--------------GKET--------LQ-RA-----,1
HLA-B*35:71,----SHSMRYFYTAMSRPGRGEPRFIAVGYVDDTQFVRFDSDAASPRTEPRAPWIEQE-GPEYWDRNTQIFKTNTQTYR---ESLRNLRGYYNQSEAGSHIIQRMYGCDLGPD-------------GRLLRG-----------HDQSAYDGKDYIALNED------L----------SSWTAADT--------------AAQITQR-KWEAA----RVAE-QLR---------AYL--------E-------G------LCVE-----SLRRYLEN--------------GKET--------LQ-RA-----,1
HLA-B*35:100,----SHSMRYFYTAMSRPGRGEPRFIAVGYVDDTQFVRFDSDAASARTEPRAPWIEQE-GPEYWDRNTQIFKTNTQTYR---ESLRNLRGYYNQSEAGSHIIQRMYGCDLGPD-------------GRLLRG-----------HDQSAYDGKDYIALNED------L----------SSWTAADT--------------AAQITQR-KWEAA----RVAE-QRR---------AYL--------E-------G------LCVE-----WLRRYLEN--------------GKET--------LQ-RA-----,1
HLA-B*35:101:02,----SHSMRYFYTAMSRPGRGEPRFIAVGYVDDTQFVRFDSDAASPRTEPRAPWIEQE-GPEYWDRNTQIFKTNTQTYR---ESLRNLRGYYNQSEARSHIIQRMYGCDLGPD-------------GRLLRG-----------HDQSAYDGKDYIALNED------L----------SSWTAADT--------------AAQITQR-KWEAA----RVAE-QLR---------AYL--------E-------G------LCVE-----WLRRYLEN--------------GKET--------LQ-RA-----,1
HLA-B*35:101:01,----SHSMRYFYTAMSRPGRGEPRFIAVGYVDDTQFVRFDSDAASPRTEPRAPWIEQE-GPEYWDRNTQIFKTNTQTYR---ESLRNLRGYYNQSEARSHIIQRMYGCDLGPD-------------GRLLRG-----------HDQSAYDGKDYIALNED------L----------SSWTAADT--------------AAQITQR-KWEAA----RVAE-QLR---------AYL--------E-------G------LCVE-----WLRRYLEN--------------GKET--------LQ-RA-----,1
HLA-B*35:103,----SHSMRYFYTAMSRPGRGEPRFIAVGYVDDTQFVRFDSDAASLRTEPRAPWIEQE-GPEYWDRNTQIFKTNTQTYR---ESLRNLRGYYNQSEAGSHIIQRMYGCDLGPD-------------GRLLRG-----------HDQSAYDGKDYIALNED------L----------SSWTAADT--------------AAQITQR-KWEAA----RVAE-QLR---------AYL--------E-------G------LCVE-----WLRRYLEN--------------GKET--------LQ-RA-----,1
HLA-B*15:98,----SHSMRYFYTAMSRPGRGEPRFISVGYVDDTQFVRFDSDAASLREEPRAPWIEQE-GPEYWDRETQISKTNTQTYR---ESLRNLRGYYNQSEAGSHTLQRMYGCDVGPD-------------GRLLRG-----------HDQSAYDGKDYIALNED------L----------SSWTAADT--------------AAQITQR-KWEAA----REAE-QLR---------AYL--------E-------G------LCVE-----WLRRYLEN--------------GKET--------LQ-RA-----,1
HLA-B*35:159,----SHSMRYFYTAMSRPGRGEPRFIAVGYVDDTQFVRFDSDAASPRTEPRAPWIEQE-GPEYWDRNTQIFKTNTQTYR---ESLRNLRGYYNQSEAGSHIIQRMYGCDLGSD-------------GRLLRG-----------HDQSAYDGKDYIALNED------L----------SSWTAADT--------------AAQITQR-KWEAA----RVAE-QLR---------AYL--------E-------G------LCVE-----WLRRYLEN--------------GKET--------LQ-RA-----,1
HLA-B*53:74,----SHSMRYFYTAMSRPGRGEPRFIAVGYVDDTQFVRFDSDAASPRTEPRAPWIEQE-GPEYWDRNTQIFKTNTQTYR---ENLRIALRYYNQSEAGSHIIQRMYGCDLGSD-------------GRLLRG-----------HDQSAYDGKDYIALNED------L----------SSWTAADT--------------AAQITQR-KWEAA----RVAE-QDR---------AYL--------E-------G------LCVE-----SLRRYLEN--------------GKET--------LQ-RA-----,1
HLA-B*35:107,----SHSMRYFYTAMSRPGRGEPRLIAVGYVDDTQFVRFDSDAASPRTEPRAPWIEQE-GPEYWDRNTQIFKTNTQTYR---ESLRNLRGYYNQSEAGSHIIQRMYGCDLGPD-------------GRLLRG-----------HDQSAYDGKDYIALNED------L----------SSWTAADT--------------AAQITQR-KWEAA----RVAE-QLR---------AYL--------E-------G------LCVE-----WLRRYLEN--------------GKET--------LQ-RA-----,1
HLA-B*35:108:02,----SHSMRYFYTAMSRPGRGEPRFIAVGYVDDTQFVRLDSDAASPRTEPRAPWIEQE-GPEYWDRNTQIFKTNTQTYR---ESLRNLRGYYNQSEAGSHIIQRMYGCDLGPD-------------GRLLRG-----------HDQSAYDGKDYIALNED------L----------SSWTAADT--------------AAQITQR-KWEAA----RVAE-QLR---------AYL--------E-------G------LCVE-----WLRRYLEN--------------GKET--------LQ-RA-----,1
HLA-B*35:108:01,----SHSMRYFYTAMSRPGRGEPRFIAVGYVDDTQFVRLDSDAASPRTEPRAPWIEQE-GPEYWDRNTQIFKTNTQTYR---ESLRNLRGYYNQSEAGSHIIQRMYGCDLGPD-------------GRLLRG-----------HDQSAYDGKDYIALNED------L----------SSWTAADT--------------AAQITQR-KWEAA----RVAE-QLR---------AYL--------E-------G------LCVE-----WLRRYLEN--------------GKET--------LQ-RA-----,1
HLA-B*35:110,----SHSMRYFYTAMSRPGRGEPRFIAVGYVDDTQFVRFDSDAASPRTEPRAPWIEQE-GPEYWDRNTQIFKTNTQTYR---ESLRNLRGYYNQSEAGSHIIQRMYGCDLGPD-------------GRLLRG-----------HDQSAYDGKDYIALNED------L----------SSWTAADT--------------AAQITQH-KWEAA----RVAE-QLR---------AYL--------E-------G------LCVE-----WLRRYLEN--------------GKET--------LQ-RA-----,1
HLA-B*35:111,----SHSMRYFYTAMSRPGRGEPRFIAVGYVDDTQFVRFDSDAASPRTEPRAPWIEQE-GPEYGDRNTQIFKTNTQTYR---ESLRNLRGYYNQSEAGSHIIQRMYGCDLGPD-------------GRLLRG-----------HDQSAYDGKDYIALNED------L----------SSWTAADT--------------AAQITQR-KWEAA----RVAE-QLR---------AYL--------E-------G------LCVE-----WLRRYLEN--------------GKET--------LQ-RA-----,1
HLA-B*35:112:02,----SHSMRYFYTAMSRPGRGEPRFIAVGYVDDTQFVRFDSDAASPRTEPRAPWIEQE-GPEYWDRNTHIFKTNTQTYR---ESLRNLRGYYNQSEAGSHIIQRMYGCDLGPD-------------GRLLRG-----------HDQSAYDGKDYIALNED------L----------SSWTAADT--------------AAQITQR-KWEAA----RVAE-QLR---------AYL--------E-------G------LCVE-----WLRRYLEN--------------GKET--------LQ-RA-----,1
HLA-B*35:112:01,----SHSMRYFYTAMSRPGRGEPRFIAVGYVDDTQFVRFDSDAASPRTEPRAPWIEQE-GPEYWDRNTHIFKTNTQTYR---ESLRNLRGYYNQSEAGSHIIQRMYGCDLGPD-------------GRLLRG-----------HDQSAYDGKDYIALNED------L----------SSWTAADT--------------AAQITQR-KWEAA----RVAE-QLR---------AYL--------E-------G------LCVE-----WLRRYLEN--------------GKET--------LQ-RA-----,1
HLA-B*35:113,----SHSMRYFYTAMSRPGRGEPRFIAVGYVDDTQFVRFDSDAASPRTEPRAPWIEQE-GPEYWDRNTQIFKTNTQTYR---ESLRNLRGYYNQSEAGSHIIQSMYGCDVGSD-------------GRLLRG-----------HDQSAYDGKDYIALNED------L----------SSWTAADT--------------AAQITQR-KWEAA----RVAE-QLR---------AYL--------E-------G------LCVE-----WLRRYLEN--------------GKET--------LQ-RA-----,1
HLA-B*35:123,----SHSMRYFYTAMSRPGRGEPRFIAVGYVDDTQFVRFDSDAASPRTEPRAPWIEQE-GPEYWDRNTQIFKTNTQTYR---ESLRNLRGYYNRSEAGSHIIQRMYGCDLGPD-------------GRLLRG-----------HDQSAYDGKDYIALNED------L----------SSWTAADT--------------AAQITQR-KWEAA----RVAE-QLR---------AYL--------E-------G------LCVE-----WLRRYLEN--------------GKET--------LQ-RA-----,1
HLA-B*35:126,----SHSMRYFYTAMSRPGRGEPRFIAVGYVDDTQFVRFDSDAASPRTEPRAPWIEQE-GPEYWDRNTQIFKTNTQTYR---ESLRNLRGYYNQSEAGSHIIQRMYGCDLAPD-------------GRLLRG-----------HDQSAYDGKDYIALNED------L----------SSWTAADT--------------AAQITQR-KWEAA----RVAE-QLR---------AYL--------E-------G------LCVE-----WLRRYLEN--------------GKET--------LQ-RA-----,1
HLA-B*35:131:02,----SHSMRYFYTAMSRPGRGEPRFIAVGYVDDTQFVRFDSDAASPRTEPRAPWIEQE-GPEYWDRNTQIFKTNTQTYR---ESLRNLRGYYNQSEAGSHIIQRMYGCDLGPD-------------GRLLRR-----------HDQSAYDGKDYIALNED------L----------SSWTAADT--------------AAQITQR-KWEAA----RVAE-QLR---------AYL--------E-------G------LCVE-----WLRRYLEN--------------GKET--------LQ-RA-----,1
HLA-B*35:131:01,----SHSMRYFYTAMSRPGRGEPRFIAVGYVDDTQFVRFDSDAASPRTEPRAPWIEQE-GPEYWDRNTQIFKTNTQTYR---ESLRNLRGYYNQSEAGSHIIQRMYGCDLGPD-------------GRLLRR-----------HDQSAYDGKDYIALNED------L----------SSWTAADT--------------AAQITQR-KWEAA----RVAE-QLR---------AYL--------E-------G------LCVE-----WLRRYLEN--------------GKET--------LQ-RA-----,1
HLA-B*35:133,----SHSMRYFYTAMSRPGRGEPRFIAVGYVDDTQFVRFDSDAASPRTEPRAPWIEQE-GPEYWDRNTQIFKTNTQTYR---ESLRNLRGYYNQSEAGSHIIQRMYGCDLGPD-------------GRLLRG-----------HVQSAYDGKDYIALNED------L----------SSWTAADT--------------AAQITQR-KWEAA----RVAE-QLR---------AYL--------E-------G------LCVE-----WLRRYLEN--------------GKET--------LQ-RA-----,1
HLA-B*35:27,----SHSMRYFYTAMSRPGRGEPRFIAVGYVDDTQFVRFDSDAASPRTEPRAPWIEQE-GPEYWDRNTQIFKTNTQTYR---ENLRNLRGYYNQSEAGSHIIQRMYGCDLGPD-------------GRLLRG-----------HDQSAYDGKDYIALNED------L----------SSWTAADT--------------AAQITQR-KWEAA----RVAE-QLR---------AYL--------E-------G------LCVE-----WLRRYLEN--------------GKET--------LQ-RA-----,1
HLA-A*23:08,----SHSMRYFSTSVSRPGRGEPRFIAVGYVDDTQFVRFDSDAASQRMEPRAPWIEQE-GPEYWDEETGKVKAHSQTDR---ENLRIALRYYNQSEAGSHTLQMMFGCDVGSD-------------GRFLRG-----------YHQYAYDGKDYIALKED------L----------RSWTAADM--------------AAQITQR-KWEAA----RVAE-QLR---------AYL--------E-------G------T----------------------------------------------------,1
SLA-3*03:08,----PHSLRYFDTAVSRPDRGKPRFISVGYVDDTQFVRFDSDALNPRMEPRAPWIEKA-EQKYWDEETQNAMGSAQTFR---VNLKNLRGYYNQSEAGSHTLQSMYGCDVGPD-------------GLFLHG-----------YHQDAYDGADYIALNED------L----------RSWTAADT--------------AAQIAKR-KWEAA----DVAE-QWR---------SYL--------E-------G-----------------------------------------------------------,1
Mamu-B*029:02,------SMRYFSTAVSRPGRREPWYVEVGYVDDTQFVRFDSDAESPRMEPRAPWIEQE-GPEYWEEETRRAKANAQTDR---VDLGTLRGYYNQSEGGSHTIQWMYGCDLGPE-------------GRLLRG-----------YHQSAYDGKDYIAVNED------L----------RSWTAADI--------------AAQNTQR-KWEGD----RYAE-RFR---------AYL--------E-------G------TC---------------------------------------------------,1
HLA-C*05:296,TWACSHSMRYFYTAVSRPGRGEPRFIAVGYVDDTQFVQFDSDAASPRGEPRAPWVEQE-GPEYWDRETQKYKRQAQTDR---VNLRKLRGYYNQSEAGSHTLQRMYGCDLGPD-------------GRLLRG-----------YNQFAYDGKDYIALNED------L----------RSWTAADK--------------AAQITQR-KWEAA----REAE-QRR---------A------------------------------------------------------------------------------,1
HLA-A*02:696:02,TWAGSHSMRYFFTSVSRPGRGEPRFIAVGYVDDTQFVRFDSDAASQRMEPRAPWIEQE-GPEYWDGETRKVKAHSQTHR---VDLGTLRGYYNQSEAGSHTVQRMYGCDVGSD-------------WRFLRG-----------YHQYAYDGKDYIALKED------L----------RSWTAADM--------------AAQTTKH-KWEAA----HVAE-QLR---------A------------------------------------------------------------------------------,1
HLA-A*02:696:01,TWAGSHSMRYFFTSVSRPGRGEPRFIAVGYVDDTQFVRFDSDAASQRMEPRAPWIEQE-GPEYWDGETRKVKAHSQTHR---VDLGTLRGYYNQSEAGSHTVQRMYGCDVGSD-------------WRFLRG-----------YHQYAYDGKDYIALKED------L----------RSWTAADM--------------AAQTTKH-KWEAA----HVAE-QLR---------A------------------------------------------------------------------------------,1
HLA-A*11:432,TWAGSHSMRYFYTSVSRPGRGKPRFIAVGYVDDTQFVRFDSDAASQRMEPRAPWIEQE-GPEYWDQETRNVKAQSQTDR---VDLGTLRGYYNQSEDGSHTIQIMYGCDVGPD-------------GRFLRG-----------YRQDAYDGKDYIALNED------L----------RSWTAADM--------------AAQITKR-KWEAA----HAAE-QQR---------A------------------------------------------------------------------------------,1
HLA-A*24:278,TWAGSHSMRYFSTSVSRPGRGEPRFIAVGYVDDTQFVRFDSDAASQRMEPRAPWIEQE-GPEYWDEETGKVKAHSQTDR---ENLRIALRYYNQSEAGSHTLQMMFGCDVGSD-------------GRFLRG-----------YHQYAYDGKDYIALKED------L----------RSWTAADM--------------AAQITKR-KWEAA----HVAE-QQR---------A------------------------------------------------------------------------------,1
HLA-A*30:145,TWAGSHSMRYFSTSVSRPGSGEPRFIAVGYVDDTQFVRFDSDAASQRMEPRAPWIEQE-RPEYWDQETRNVKAQSQTDR---VDLGTLRGYYNQSEAGSHTIQIMYGCDVGSD-------------GRFLRG-----------YEQHAYDGKDYIALNED------L----------RSWTAADM--------------A--------------------------------------------------------------T-----WRLRSPSAS-------------GRRP--------VG-RSS----,1
HLA-A*31:201,TWAGSHSMRYFTTSVSRPGRGEPRFIAVGYVDDTQFVRFDSDAASQRMEPRAPWIEQE-RPEYWDQETRNVKAHSQIDR---VDLGTLRGYYNQSEAGSHTIQMMYGCDVGSD-------------GRFLRG-----------YQQDAYDGKDYIALNED------L----------RSWTAADM--------------AAQITQR-KWEAA----RVAE-QLR---------A------------------------------------------------------------------------------,1
BOLA-NC4*001:01,---------------------------VGYVDDTQFARFDSDAPNPRMEPRAPWMEQE-GPEYWEAMTRDAKKAQQRLR---TGLNTIRGFYNQSEAGSHTLQWVLGCDVGPE-------------GRLLRG-----------IWQNAYDGADYLALNED------L----------RSWTAANT--------------VAQITKR-KWETS----GEAE-FQR---------NYL--------E-------------VKCVQ-----WLLRHLET--------------GKDT--------LL-RAD----,1
BOLA-NC4*002:01,---------------------------VGYVDDTQFARFDSDAPNPRMEPRAPWMEQE-GPEYWEAMTRDAKKAQQRLR---TGLNTIRGFYNQSEAGSHTLQWVLGCDVGLD-------------GRLLRG-----------IWQNAYDGADYLALNED------L----------RSWTAANT--------------VAQITKR-KWETS----GEAE-FQR---------NYL--------E-------------VKCVQ-----WLLRHLET--------------GKDT--------LL-RAD----,1
BOLA-NC4*002:02,---------------------------VGYVDDTQFARFDSDAPNPRMEPRAPWMEQE-GPEYWEAMTRDAKKAQQRLR---TGLNTIRGFYNQSEAGSHTLQWVLGCDVGPE-------------GRLLRG-----------IWQNAYDGADYLALNED------L----------RSWTAANT--------------VAQITKR-KWETS----GEAE-FQR---------NYL--------E-------------VKCVQ-----WLLRHLET--------------GKDT--------LL-RAD----,1
BOLA-NC4*003:01,---------------------------VGYVDDTQFARFDSDAPNPRMEPRAPWMEQE-GPEYWEAMTRDAKKAQQRLR---TGLNTLRGFYNQSEAGSHTLQWVFGCDVGPE-------------GRLLRG-----------IWQNAYDGADYLALNED------L----------RSWTAANT--------------VAQITKR-KWETS----GEAE-FQR---------NYL--------E-------------VKCVQ-----WLLRHLET--------------GKDT--------LL-RAD----,1
HLA-B*18:74,----SHSMRYFHTSVSRPGRGEPRFISVGYVDGTQFVRFDSDAASPRTEPRAPWIEQE-GPEYWDRNTQISKTNTQTYR---ESLRNLRGYYNQSEAGSHTLQRMYGCDVGPD-------------GRLLRG-----------HDQSAYDGKDYIALNED------L----------SSWTAADT--------------AAQITQL-KWEAA----RVAE-QLR---------AYL----------------------------------------------------------------------------,1
HLA-B*54:08,----SHSMRYFYTAMSRPGRGEPRFIAVGYVDDTQFVRFDSDAASPRGEPRAPWVEQE-GPEYWDRNTQIYKAQAQTDR---ESLRNLRGYYNQSEAGSHTWQTMYGCDLGPD-------------GRLLRG-----------HNQLAYDGKDYIALNED------L----------SSWTAADT--------------AAQITQR-KWEAA----RVAE-QLR---------AYL----------------------------------------------------------------------------,1
HLA-B*07:135,----SHSMRYFYTSVSRPGRGEPRFISVGYVDDTQFVRFDSDAASPREEPRAPWIEQE-GPEYWDRNTQIYKAQAQTDR---ESLRNLRGYYNQSEAGSHTLQSMYGCDVGPD-------------GRLLRG-----------HDQYAYDGKDYIALNED------L----------RSWTAADT--------------AAQITQR-KWEAA----REAE-QRR---------AYL----------------------------------------------------------------------------,1
HLA-A*01:27,----SHSMRYFFTSVSRPGRGEPRFIAVGYVDDTQFVRFDSDAASQKMEPRAPWIEQE-GPEYWDQETRNMKAHSQTDR---ANLGTLRGYYNQSEDGSHTIQIMYGCDVGPD-------------GRFLRG-----------YRQDAYDGKDYIALNED------L----------RSWTAADM--------------AAQITKR-KWEAV----HAAE-QRR---------VYL----------------------------------------------------------------------------,1
HLA-A*02:439,----SHSMRYFFTSVSRPGRGEPRFIAVGYVDDTQFVRFDSDAASQRMEPRAPWIEQE-GPEYWDGETRKVKAHSQTHR---VDLGTLRGYYNQSEAGSHTVQRMYGCDVGSD-------------WRFLRG-----------YHQYAYDGKDYIALKED------L----------RSWTAADM--------------AAQTTKH-KWEAA----HVAE-QLR---------AYL----------------------------------------------------------------------------,1
SLA-1*16:02,----PHSLSYFSTAVSRPDLGDSRFIAVGYVDDTQFVRFDSDAPNPRMEPRAPWIEQE-GQEYWDRETQIQRDTSQNYR---VNLKNLRGYYNQSEAGSHTIQWMYGCDVGPD-------------GLFLHG-----------YHQYAYDGADYLALNED------L----------RSWTAADM--------------AAQISKR-KFDAA----NVAE-QER---------SY-----------------------------------------------------------------------------,1
HLA-C*07:347,TWACSHSMRYFDTAVSRPGRGEPRFISVGYVDDTQFVRFDSDAASPRGEPRAPWVEQE-GPEYWDRETQKYKRQAQADR---VSLRNLRGYYNQSEDGSHTLQRMSGCDLGPD-------------GRLLRG-----------YDQSAYDGKDYIALNED------L----------RSWTAADT--------------AAQITQR-KLEAA----RAAE-H------------------------------------------------------------------------------------------,1
HLA-C*03:653,TWAGSHSMRYFYTAVSRPGRGEPHFIAVGYVDDTQFVRFDSDAASPRGEPRAPWVEQE-GPEYWDRETQKYKRQAQTDR---VSLRNLRGYYNQSEAGSHIIQRMYGCDVGPD-------------GRLLRG-----------YDQYAYDGKDYIALNED------L----------RS--------------------GPPRTRR---------------------------------------------------------------LRSPSAS--------------GRRP--------VR-RS-----,1
HLA-C*03:447,TWAGSHSMRYFYTAVSRPGRGEPHFIAVGYVDDTQFVRFDSDAASPRGEPRAPWVEQE-GPEYWDRETQKYKRQAQTDR---VSLRNLRGYYNQSEARSHIIQRMYGCDVGPD-------------GRLLRG-----------YDQYAYDGKDYIALNED------L----------RP--------------------GPPRTRR---------------------------------------------------------------LRSPSAS--------------GRRP--------VR-RS-----,1
HLA-C*04:95,----SHSMRYFSTSVSWPGRGEPRFIAVGYVDDTQFVRFDSDAASPRGEPREPWVEQE-GPEYWDRETQKYKRQAQADR---VNLRKLRGYYNQSEDGSHTLQRMFGCDLGPD-------------GRLLRG-----------YNQFAYDGKDYIALNED------L----------RSWTAADT--------------AAQITQR-KWEAA----REAE-QRR---------A------------------------------------------------------------------------------,1
HLA-B*55:55,----SHSMRYFYTAMSRPGRGEPRFIAVGYVDDTQFVRFDSDAASPREEPRAPWIEQE-GPEYWDRNTQIYKAQAQTDR---ESLRNLRGYYNQSEAGSHTWQTMYGCDLGPD-------------GRLLRG-----------HNQLAYDGKDYIALNED------L----------SSWTAADT--------------AAQITQR-KWEAA----REAE-QLR---------A------------------------------------------------------------------------------,1
HLA-B*51:409,----SHSMRYFYTAMSRPGRGEPRFIAVGYVDDTQFVRFDSDAASPRTEPRAPWIEQE-GPEYWDRNTQIFKTNTQTYR---ENLRIALRYYNQSEAGSHTWQTMYGCDVGPD-------------GRLLRG-----------HNQYAYDGKDYIALNED------L----------SSWTAADT--------------AAQITQR-KWEAA----REAE-QLR---------A------------------------------------------------------------------------------,1
SLA-3*01:03,-----------------------------YVDDTQFVRFDSDAPNPRMEPRAPWIEQE-GQEYWDEETRNAMGSAQTFR---VNLNNLRGYYNQSEAGSHTFQSMYGCDVGPD-------------GLLLRG-----------YSQFGYDGADYIALNED------L----------RSWTAADT--------------AAQITKR-KREAA----DVAE-QMR---------SYL--------E-------G------ACVE-----WLQKYLQM--------------GNNT--------LQ-RA-----,1
SLA-3*01:02,-----------------------------YVDDTQFVRFDSDAPNPRMEPRAPWIEQE-GQEYWDEETRNAMGGAQTFR---VNLNNLRGYYNQSEAGSHTFQSMYGCDVGPD-------------GLLLRG-----------YSQFGYDGADYIALNED------L----------RSWTAADT--------------AAQITKR-KREAA----DAAE-QMR---------SYL--------E-------G------ACVV-----WLQKYLEM--------------GNNT--------LQ-RA-----,1
SLA-3*07:03,-----------------------------YVDDTQFVRFDSDAPNPRMEPRAPWIKQE-GQEYWDEETRNAMGSAQTFR---VNLNNLRGYYNQSEAGSLTLQSMYGCDVGPD-------------WLFLRG-----------YSQDAYDGADYIALNED------L----------RSWTAADT--------------AAQITKR-KREAA----DVAE-QMR---------SYL--------E-------G------ACVE-----WLQKYLQM--------------GNNT--------LQ-RA-----,1
SLA-2*05:05,-----------------------------YVDDTQFVRFDSDAPNPRMEPRAPWIEKE-GQEYWDEETRKVMGSAQTFR---VNLRTALGYYNQSVAGSHTLQWMYGCYLGPD-------------GLLLRG-----------YRQDAYDGADYIALNED------L----------RSWTAADT--------------AAQITKR-KWEAA----DEAE-QWR---------SYL--------Q-------G------LCVE-----GLQKYLEM--------------GKDT--------LQ-RA-----,1
SLA-2*05:06,-----------------------------YVDDTQFVRFDSDAPNPRMEPRAPWIEKE-GQEYWDEETRNAMGSAQTFR---VNLRTALGYYNQSVAGSHTFQWMYGCYLGPD-------------GLLLRG-----------YSQYAYDSADYIALNED------L----------RSWTAADT--------------AAQITKR-KWETA----NVAE-RRR---------SYL--------Q-------G------LCVD-----WLQKYLEM--------------GKDT--------LQ-RA-----,1
SLA-1*01:03,-----------------------------YVDDTQFVRFDSDAPNPRMEPRAPWIQQE-GQDYWDRETRKQRDTSQTYR---VGLKNLRGYYNQSEAGSHTYQSMYGCYLGPD-------------GLLLRG-----------YRQYAYDGADYIALNED------L----------RSWTAADT--------------AAQITKR-KWETA----NVAE-RRR---------SYL--------Q-------G------LCVE-----GLREYLEM--------------GKDT--------LQ-RA-----,1
SLA-1*01:02,-----------------------------YVDDTQFVRFDSDAPNPRMEPRAPWIQQE-GQDYWDRETRKQRDTSQTYR---VGLKNLRGYYNQSEAGSHTYQSMYGCYLGPD-------------GLLLRG-----------YRQYAYDGADYIALNED------L----------RSWTAADT--------------AAQITKR-KWETA----NVAE-RRR---------SYL--------Q-------G------LCVE-----GLREYLEM--------------GKDT--------LQ-RA-----,1
HLA-B*07:472,----SHSMRYFYTSVSRPGRGEPRFISVGYVDDTQFVRFDSDAASPREEPRAPWIEQE-GPEYWDRNTQIYKAQAQTDR---ESLRNLRGYYNQSEAGSHTLQSMYGCDVGPD-------------GRLLRG-----------HDQYAYDGKDYIALNED------L----------RSWTAADT--------------AAQITQR-KWEAA----REAE-QRS----------------------------------------------------------------------------------------,1
HLA-G*01:05:02,---GSHSMRYFSAAVSRPGRGEPRFIAMGYVDDTQFVRFDSDSACPRMEPRAPWVEQE-GPEYWEEETRNTKAHAQTDR---MNLQTLRGYYNQSEASSHTLQWMIGCDLGSD-------------GRLLRG-----------YEQYAYDGKDYLALNED------C----------RAWSG---------------------STD-TWRT-----------------------------------------G----R-RCCS----------------------------------------A-RTPPRHT,1
HLA-G*01:05:01,---GSHSMRYFSAAVSRPGRGEPRFIAMGYVDDTQFVRFDSDSACPRMEPRAPWVEQE-GPEYWEEETRNTKAHAQTDR---MNLQTLRGYYNQSEASSHTLQWMIGCDLGSD-------------GRLLRG-----------YEQYAYDGKDYLALNED------C----------RAWSG---------------------STD-TWRT-----------------------------------------G----R-RCCS----------------------------------------A-RTPPRHT,1
HLA-C*08:224,TWACSHSMRYFYTAVSRPGRGEPRFIAVGYVDDTQFVQFDSDAASPRGEPRAPWVEQE-GPEYWDRETQKYKRQAQTDR---VSLRNLRGYYNQSEAGSHTLQRMYGCDLGPD-------------GRLLRG-----------YNQFAYDGKDYIALNED------L----------RSWTAADK--------------AAQITQR-QVGGG----P-----------------------------------------------------------------------------------------------,1
HLA-C*06:79,----SHSMRYFDTAVSRPGRGEPRFISVGYVDDTQFVRFDSDAASPRGEPRAPWVEQE-GPEYWDRETQKYKRQAQADR---VNLRKLRGYYNQSEDGSHTLQWMYGCDLGPD-------------GRLLRG-----------YDQSAYDGKDYIALNED------L----------RSWTAADT--------------AAQITQR-KWEAA----REAE-Q------------------------------------------------------------------------------------------,1
HLA-C*05:208,TWACSHSMRYFYTAVSRPGRGEPRFIAVGYVDDTQFVQFDSDAASPRGEPRAPWVEQE-GPEYWDRETQKYKRQAQTDR---VNLRKLRGYYNQSEAGSHTLQRMYGCDLGPD-------------GRLLRG-----------YNQFAYDGKDYIALNED------L----------RSWTAADK--------------AAQITQR-QVGGG----P-----------------------------------------------------------------------------------------------,1
HLA-B*51:287,----SHSMRYFYTAMSRPGRGEPRFIAVGYVDDTQFVRFDSDAASPRTEPRAPWIEQE-GPEYWDRNTQIFKTNTQTYR---ENLRIALRYYNQSEAGSHTWQTMYGCDVGPD-------------GRLLRG-----------HNQYAYDGKDYIALNED------L----------SSWTAADT--------------AAQITQR-KWEAA---------------------------------------------------------VRRSS--------------------------------------,1
HLA-B*14:41,----SHSMRYFYTAVSRPGRGEPRFISVGYVDDTQFVRFDSDAASPREEPRAPWIEQE-GPEYWDRNTQICKTNTQTDR---ESLRNLRGYYNQSEAGSHTLQWMYGCDVGPD-------------GRLLRG-----------YNQFAYDGKDYIALNED------L----------SSWTAADT--------------AAQITQR-KWEAA---------------------------------------------------------VRRSS--------------------------------------,1
Patr-C*01:01,--------------------------------DTQFVRFDSDAASPRGEPRAPWVEQE-GPEYWHRETQKYKRQAQADR---VSLRNLRGYYNQSEDGSHTLQWMYGCDLGPD-------------GRLLRG-----------YDQYAYYGKDYIALNED------L----------RSWTAADT--------------AAQITQR-KLEAA----RAAE-QLR---------AYL--------E-------G------TCVE-----WLRRYLEN--------------GKET--------LQ-RA-----,1
HLA-C*06:16,TWACSHSMRYFDTAVSRPGRGEPRFISVGYVDDTQFVRFDSDAASPRGEPRAPWVEQE-GPEYWDRETQKYKRQAQADR---VNLRKLRGYYNQSEDGSHTLQWMYGCDLGPD-------------GRLLRG-----------YDQSAYDGKDYIALNED------L----------RSWTAADT--------------AA------------------------------------------------------------------------------------------QGP--------AQ-VGGGP--,1
HLA-C*07:264,----SHSMRYFDTAVSRPGRGEPRFISVGYVDDTQFVRFDSDAASPRGEPRAPWVEQE-GPEYWDRETQKYKRQAQADR---VSLRNLRGYYNQSEDGSHTLQRMSGCDLGPD-------------GRLLRG-----------YDQSAYDGKDYIALNED------L----------RSWTAADT--------------AAQITQR-KLEAA----RAAE--------------------------------------------------------------------------------------------,1
HLA-B*35:430,----SHSMRYFYTAMSRPGRGEPRFIAVGYVDDTQFVRFDSDAASPRTEPRAPWIEQE-GPEYWDRNTQIFKTNTQTYR---ESLRNLRGYYNQSEAGSHIIQRMYGCDLGPD-------------GRLLRG-----------HDQSAYDGKDYIALNED------L----------SSWTAADT--------------AAQITQR-KWE----------------------------------------------------------------------------------KP--------VW-RS-----,1
HLA-B*59:10,----SHSMRYFYTAMSRPGRGEPRFIAVGYVDDTQFVRFDSDAASPREEPRAPWIEQE-GPEYWDRNTQIFKTNTQTYR---ENLRIALRYYNQSEAGSHTWQTMYGCDLGPD-------------GRLLRG-----------HNQLAYDGKDYIALNED------L----------SSWTAADT--------------AAQITQ---------------------------------------------------------------------PS--------------GRRP--------VW-RS-----,1
HLA-B*51:325,----SHSMRYFYTAMSRPGRGEPRFIAVGYVDDTQFVRFDSDAASPRTEPRAPWIEQE-GPEYWDRNTQIFKTNTQTYR---ENLRIALRYYNQSEAGSHTWQTMYGCDVGPD-------------GRLLRG-----------HNQYAYDGKDYIALNED------L----------SSWT------------------------R-R----------------------------------------------------------TPRLRSPSAS--------------GRRP--------VR-RS-----,1
HLA-C*04:253,----SHSMRYFSTSVSWPGRGEPRFIAVGYVDDTQFVRFDSDAASPRGEPREPWVEQE-GPEYWDRETQKYKRQAQADR---VNLRKLRGYYNQSEDGSHTLQRMFGCDLGPD-------------GRLLRG-----------YNQFAYDGKDYIALNED------L----------RSWTAADT--------------AAQITQR-KWEAA----REA---------------------------------------------------------------------------------------------,1
HLA-B*35:53,----SHSMRYFYTAMSRPGRGEPRFIAVGYVDDTQFVRFDSDAASPRTEPRAPWIEQE-GPEYWDRNTQIFKTNTQTYR---ESLRNLRGYYNQSEAGSHIIQRMYGCDLGPD-------------GRLLRG-----------HDQSAYDGKDYIALNED------L----------SSW-------------------------R-R----------------------------------------------------------TPRLRSPSAS--------------GRRP--------VW-RS-----,1
HLA-C*05:154,TWACSHSMRYFYTAVSRPGRGEPRFIAVGYVDDTQFVQFDSDAASPRGEPRAPWVEQE-GPEYWDRETQKYKRQAQTDR---VNLRKLRGYYNQSEAGSHTLQRMYGCDLGPD-------------GRLLRG-----------YNQFAYDGKDYIALNED------L----------RSWTAADK--------------AAQITQR-KW-------------------------------------------------------------------------------------------------------,1
HLA-B*51:313,----SHSMRYFYTAMSRPGRGEPRFIAVGYVDDTQFVRFDSDAASPRTEPRAPWIEQE-GPEYWDRNTQIFKTNTQTYR---ENLRIALRYYNQSEAGSHTWQTMYGCDVGPD-------------GRLLRG-----------HNQYAYDGKDYIALNED------L----------SSWTAADT--------------AAQITQR-QVGGG----P-----------------------------------------------------------------------------------------------,1
HLA-C*01:266,TWACSHSMKYFFTSVSRPGRGEPRFISVGYVDDTQFVRFDSDAASPRGEPRAPWVEQE-GPEYWDRETQKYKRQAQTDR---VSLRNLRGYYNQSEAGSHTLQWMCGCDLGPD-------------GRLLRG-----------YDQYAYDGKDYIALNRD------R----------RGHRGSDH--------------PAQV----------------------------------------GG-------G------P----------------------------------------------------,1
HLA-C*03:571,TWAGSHSMRYFYTAVSRPGRGEPHFIAVGYVDDTQFVRFDSDAASPRGEPRAPWVEQE-GPEYWDRETQKYKRQAQTDR---VSLRNLRGYYNQSEAGSHIIQRMYGCDVGPD-------------GRLLRG-----------YDQYAYDVQGLHRPERD------R----------RGHGGSDH--------------PAQV----------------------------------------GG-------G------P----------------------------------------------------,1
HLA-C*05:213,TWACSHSMRYFYTAVSRPGRGEPRFIAVGYVDDTQFVQFDSDAASPRGEPRAPWVEQE-GPEYWDRETQKYKRQAQTDR---VNLRKLRGYYNQSEAGSHTLQRMYGCDLGPD-------------GRLLRG-----------YNQFAYDGKDYIALNED------L----------RGQGGSDH--------------PAQVGGG-P--------------------------------------------------------------------------------------------------------,1
HLA-C*05:128,TWACSHSMRYFYTAVSRPGRGEPRFIAVGYVDDTQFVQFDSDAASPRGEPRAPWVEQE-GPEYWDRETQKYKRQAQTDR---VNLRKLRGYYNQSEAGSHTLQRMYGCDLGPD-------------GRLLRG-----------YNQFAYDGKDYIALNED------R----------RGQGGSDH--------------PAQVGGG-P--------------------------------------------------------------------------------------------------------,1
HLA-C*05:244,TWACSHSMRYFYTAVSRPGRGEPRFIAVGYVDDTQFVQFDSDAASPRGEPRAPWVEQE-GPEYWDRETQKYKRQAQTDR---VNLRKLRGYYNQSEAGSHTLQRMYGCDLGPD-------------GRLLRG-----------YNQFAYDGKDYIALNED------L----------RSWTAADK--------------AAQITQR-K--------------------------------------------------------------------------------------------------------,1
HLA-C*07:820,TWACSHSMRYFDTAVSRPGRGEPRFISVGYVDDTQFVRFDSDAASPRGEPRAPWVEQE-GPEYWDRETQNYKRQAQADR---VSLRNLRGYYNQSEDGSHTLQRMYGCDLGPD-------------GRLLRG-----------YDQSAYDGKDYIALNED------L----------RSWTAADT--------------AAQITQR----------------------------------------------------------------------------------------------------------,1
Patr-B*15:01,--------------------------------------FDSDAASPREEPRAPWIEQE-GPEYWDRETQISKTNAQTYR---ESLRTLRGYYNQSEAGSHIIQRMYGCDMGPD-------------GRLLRG-----------YEQYAYDGKDYIALNQD------L----------SSWTAADT--------------AAQITQR-KWEAA----RWAE-QLR---------AYL--------E-------G------TCVE-----WLRRYLEN--------------GKET--------LQ-RA-----,1
Mamu-B*109:07:01:01,---GSHSLRYFYTTVSRPGRGEPRFISVGYVDDTQFVRFDSDAESPREEPRAPWMEQE-GPEYWEEQTRIAKANAQTDR---ADLGILRGYYNQSEAGSHTIQTMYGCDLGPD-------------GRLLRG-----------YYQDAYDGKDYIALNGD------L----------RSWTAADM--------------AAQNTQR-K--------------------------------------------------------------------------------------------------------,1
Mamu-B*109:07:01:02,---GSHSLRYFYTTVSRPGRGEPRFISVGYVDDTQFVRFDSDAESPREEPRAPWMEQE-GPEYWEEQTRIAKANAQTDR---ADLGILRGYYNQSEAGSHTIQTMYGCDLGPD-------------GRLLRG-----------YYQDAYDGKDYIALNGD------L----------RSWTAADM--------------AAQNTQR-K--------------------------------------------------------------------------------------------------------,1
Mamu-B*109:07:01:03,---GSHSLRYFYTTVSRPGRGEPRFISVGYVDDTQFVRFDSDAESPREEPRAPWMEQE-GPEYWEEQTRIAKANAQTDR---ADLGILRGYYNQSEAGSHTIQTMYGCDLGPD-------------GRLLRG-----------YYQDAYDGKDYIALNGD------L----------RSWTAADM--------------AAQNTQR-K--------------------------------------------------------------------------------------------------------,1
Mamu-B*109:07:01:04,---GSHSLRYFYTTVSRPGRGEPRFISVGYVDDTQFVRFDSDAESPREEPRAPWMEQE-GPEYWEEQTRIAKANAQTDR---ADLGILRGYYNQSEAGSHTIQTMYGCDLGPD-------------GRLLRG-----------YYQDAYDGKDYIALNGD------L----------RSWTAADM--------------AAQNTQR-K--------------------------------------------------------------------------------------------------------,1
Mamu-B*109:08:01:01,---GSHSLRYFYTTVSRPGRGEPRFISVGYVDDTQFVRFDSDAESPREEPRAPWMEQE-GPEYWEEQTRIAKANAQTDR---ADLGILRGYYNQSEAGSHTIQTMYGCDLGPD-------------GRLLRG-----------YHQDAYDGKDYIALNGD------L----------RSWTAADM--------------AAQNTQR-K--------------------------------------------------------------------------------------------------------,1
Mamu-B*109:09:01:01,---GSHSLRYFYTTVSRPGRGEPRFISVGYVDDTQFVRFDSDAESPREEPRAPWMEQE-GPEYWEEQTRIAKANAQTDR---ADLGILRGYYIQSEAGSHTIQTMYGCDLGPD-------------GRLLRG-----------YYQDAYDGKDYIALNGD------L----------RSWTAADM--------------AAQNTQR-K--------------------------------------------------------------------------------------------------------,1
HLA-B*46:98,----SHSMRYFYTAMSRPGRGEPRFIAVGYVDDTQFVRFDSDAASPRMAPRAPWIEQE-GPEYWDRETQKYKRQAQTDR---VSLRNLRGYYNQSEAGSHTLQRMYGCDVGPD-------------GRLLRG-----------HDQSAYDGKDYIALNED-----------------------------------------------------------------------------------PE-----------------------LLDRGGHG--------------GSDH--------PA-QV-----,1
HLA-B*57:122,----SHSMRYFYTAMSRPGRGEPRFIAVGYVDDTQFVRFDSDAASPRMAPRAPWIEQE-GPEYWDGETRNMKASAQTYR---ENLRIALRYYNQSEAGSHIIQVMYGCDVGPD-------------GRLLRG-----------HDQSAYDGKDYIALNED------L----------SSWTAADT--------------AAQITQR-K--------------------------------------------------------------------------------------------------------,1
HLA-B*18:154,----SHSMRYFHTSVSRPGRGEPRFISVGYVDGTQFVRFDSDAASPRTEPRAPWIEQE-GPEYWDRNTQISKTNTQTYR---ESLRNLRGYYNQSEAGSHTLQRMYGCDVGPD-------------GRLLRG-----------HDQSAYDGKDYIALNED------L----------SSWTAADT--------------AAQITQR-K--------------------------------------------------------------------------------------------------------,1
