allele,key,mhc_sequence,pseudo_3di,mhc_class
HLA-C*03:04:01:01,HLA-C03040101,MYYAVGFVGYRETQKYKRQAQTDVSLNLYIRYDYAYYIWITKWEQLRYLLCWLY,KKKMWMFWIQLLSVQRVVQSVQVVLVLLLKWWIMDIAKMVVVCVLRVCRVRVSS,1
HLA-B*27:04:01,HLA-B270401,MYHTVGFVEYRETQICKAKAQTDESLTLYLNYHDAYYIWITKWEQLRYLECWLY,KKWMWMFWIQLLSVQSVVQSVQVVQVLVLKWWIIDIAKMVVVCVLRVCRVRVSS,1
HLA-A*02:01,HLA-A0201,MYFAVGFVMYGETRKVKAHSQTHVDLTLYVRYHYAYYIWTTKWVQLRYLTCWLY,KKKMWMFWIQLLSVQVVVVSVQVVQVLVLKWWTMDIAKMVVVCVVVVCRVRVSS,1
HLA-B*82:01:01:01,HLA-B82010101,MYYSVGFVEYRNTQIYKAQAQTDESLNLYLRFNLAYYIWITKWVQDRYLLCSLY,KKWMWIFWILLLSVLSVVQSVQVVQVLLLKWWIIDIAKMVVVCVLSVCHVRVSS,1
BOLA-3*010:01,BOLA-301001,LYYSVGFVEYRNTRIYKDTAQTFVDLTLYLEYEYGYYLWISKVERFRYLRCGLY,KKWMWIADPLLQVVLSVVQSVQVVQVVLLKWKIIDIAKMVVVCVVVVCHVRVSC,1
HLA-A*03:19,HLA-A0319,MYFAVGFVMYQETRNVKAQSQTDVDLTLYIIFHYAYYIWITKWEQLRYLTCWLY,KKKMWMFWIQLLSVQVVVQSVQVVQVVVLKWWIMDIAKMVVVCVVVVCHVRVSS,1
HLA-B*57:03:01:02,HLA-B57030102,MYYAVGFVMYGETRNMKASAQTYENLIAYIVYNYAYYIWITKWVQLRYLLCWLY,KKWMWMFWIQLLRVQVVVQNVQVVQVLLLKWWIMDIAKMVVVCVVSVCRVRVSS,1
SLA-1*12:01,SLA-11201,LYYEVGFVMYEETRKVKETAQINVDLTLYLSFRDAYYIWITKWEQWRYLLCSLY,KKKMWIFWILQLRVQVVVQRVLVVQVVLLKKWIMDIAKMVVVCVVSVCRVRVSV,1
HLA-B*15:18,HLA-B1518,MYYAVGFVMYRETQISKTNTQTYESLNLYLRYNYAYYIWITKWVQLRYLTCWLY,KKWMWMFWIQLLRVQSVVVSVQVVQVLLLKWWIMDIAKMVVVCVLRVCRVRVSS,1
DLA-8850101,DLA-8850101,MYHEVGFVMYEETQRAKDLVQNFRNLILYFLYWYAYYIWVTKWARFKYLTCWLY,KKWMWMFWIQVQRVLVVVVSVQVQLLVVLKWWIIDIAKIVVVCVVVVCRVRVSS,1
HLA-B*15:73:01:02,HLA-B15730102,MYYAVGFVMYRETQISKTNTQTYESLNLYLRYNLAYYIWITKWEQWRYLLCWLY,KKWMWMFWIQLLSVLSVVQSVQVVQVVLLKWWIIDIAKMVVVCVVSVCRVRVSS,1
HLA-C*07:05,HLA-C0705,MYDSVGFVGYRETQKYKRQAQADVSLNLYLNYDSAYYIWITKLAQLRYLTCWLY,KKKMWMFWIQLLSVQRVVQSVLVVQVLLLKWWIMDIAKMVVVCVLRVCRVRVSS,1
HLA-A*03:12,HLA-A0312,MYYAVGFVMYQETRNVKAQSQTDVDLTLYIIYRDAYYIWITKWEQLRYLTCWLY,KKKMWMFWIQLLSVQVVVVSVQVVQVVVLKWWIIDIAKMVVVCVVVVCRVRVSS,1
Mamu-A2*00102,Mamu-A200102,MYYTVGFVMYRETRNMKTATQNAVALNLYIRVEYAYYIWNTKWVQMRYLTCWLH,KKWMWMFWIQLLSVLVVVVSVCRVQVLLLKWWTMDIAKMVVVCVVSVCHVRVSS,1
SLA-2*05:02,SLA-20502,LYYAVGFVMYRNTRNAMRSAQTFVNLTAYFSYRYAYYIWITKWVGERYLLCSLY,KKWMWIFWILVLSVLRVVQRVQVLQVLLLKKWIIDIAKMVVVCVVRVVNCSVSV,1
HLA-A*34:01:01:01,HLA-A34010101,MYYAVGFVMYRNTRKVKAQSQTDVDLTLYIRYQDAYYIWITKWEQWRYLTCWLY,KKKMWMFWIQLLSVQVVVVSVLVVQVVVLKWWTIDIAKMVVVCVVRVCHVRVSS,1
HLA-A*29:02:01:01,HLA-A29020101,MYTAVGFVMYLQTRNVKAQSQTDANLTLYIMYRDAYYIWITKWVQLRYLTCWLY,KKKMWMFWIQLLSVQVVVVSVQVVQVVVLKWWIMDIAKMVVVCVVRVCRVRVSS,1
HLA-C*07:95,HLA-C0795,MYDSVGFVGYRETQNYKRQAQADVSLNLYLRYDSAYYIWITKLVQLRYLTCWLY,KKKMWMFWIQLLSVQRVVQSVQVVQVLLLKWWIMDIAKMVVVCVVRCCRVRVSS,1
HLA-B*35:12:01:01,HLA-B35120101,MYYAVGFVTYRNTQIFKTNTQTYESLNLYIRYNYAYYIWITKWVQLRYLLCWLY,KKWMWMFWIQLLSVQVVVVSVQVVQVLLLKWWIMDIAKMVVVCVLRVCRVRVSS,1
HLA-B*56:04:01:01,HLA-B56040101,MYYAVGFVEYRNTQIYKAQAQTDESLNLYLRYNLAYYIWITKWVQLRYLLCWLY,KKWMWMFWILLLSVQSVVQSVQVVQVLLLKWWIMDIAKMVVVCVLRVCRVRVSS,1
HLA-A*29:11,HLA-A2911,MYTAVGFVMYLQTRNVKAQSQTDANLTLYIMYRDAYYIWITKWVQLRYLTCWLY,KKKMWMFWIQLLSVQVVVVSVQVVQVVVLKWWIMDIAKMVVVCVVRVCRVRVSS,1
HLA-A*68:01:01:01,HLA-A68010101,MYYAVGFVMYRNTRNVKAQSQTDVDLTLYIMYRDAYYIWTTKWVQWRYLTCWLY,KKKMWMFWIQLQSVQVVVQSVLVVQVVVLKWWIMDIAKMVVVCVVRVCRVRVSS,1
HLA-B*44:10,HLA-B4410,MYYTVGFVKYRETQISKTNTQTYENLTAYIRFNLAYYIWITKWVQLRYLLCSLY,KKWMWMFWILLLRVLSVVVSVQVVQVLVLKWWIMDIAKMVVVCVLSVCRVRVSS,1
HLA-B*42:02,HLA-B4202,MYHSVGFVEYRNTQIYKAQAQTDESLNLYLSYNYAYYIWITKWVQDRYLTCWLY,KKKMWIFWIQLQSVLSVVQSVQVVQVLLLKWWIMDIAKMVVVCVLSVCRVRVSS,1
BOLA-3*011:01,BOLA-301101,MYSEVGFVMYQETRKAKGTAQTFANLIAYFWYMYGYYIWITKWERQRYLTCWLY,KKKIWMFWIQLQRVQRVVQSVQVLQVVLLKKWIIDIAKMVVVCVVSVCRVRVSC,1
HLA-A*32:13,HLA-A3213,MYFAVGFVMYQETRNVKAHSQTDESLIAYIMYQDAYYIWITKWVQLRYLTCGLY,KKKMWMFWIQLLSVQVVVVSVQVVQVLVLKWWIMDIAKMVVVCVVSVCHVRVSS,1
HLA-C*07:04:01:01,HLA-C07040101,MYDSVGFVGYRETQKYKRQAQADVSLNLYFRYDFAYYIWITKLAQDRYLTCWLY,KKWMWMFWIQVLSVQRVVQSVQVVQVLLLKWWIIDIAKMVVVCVLRCCRVRVSS,1
HLA-B*15:24:01,HLA-B152401,MYYAVGFVMYRETQISKTNTQTYENLIAYLRYDSAYYIWITKWEQWRYLLCWLY,KKWMWMFWIQLLRVLVVVVSVQVVQVLLLKWWIIDIAKMVVVCVVSCCRVRVSS,1
Mamu-A1*02201,Mamu-A102201,MYYSVGFVEYRNTRIYKAETQTYESLNLYLRYDSAYYIWNTKWAQRRYLECWLY,KKWMWIFWIQLQSVQVVVQSVQVVQVLVLKWWIMDIAKMVVVCVLRVCRVRVSS,1
HLA-B*53:01:01:01,HLA-B53010101,MYYAVGFVTYRNTQIFKTNTQTYENLIAYIRYDSAYYIWITKWVQLRYLLCWLY,KKWMWMFWIQLVSVQVVVVSVQVVQVLVLKWWIMDIAKMVVVCVLRVCRVRVSS,1
HLA-A*68:23,HLA-A6823,MYYAVGFVMYRNTRNVKAQSQTDVDLTLYIRYRDAYYIWTTKWVQWRYLTCWLY,KKKMWMFWIQLQSVQVVVVSVLVVQVVVLKWWTMDIAKMVVVCVVRVCHVRVSS,1
HLA-B*73:01,HLA-B7301,MYHTVGFVEYRNTQICKAKAQTDVGLNLYWTYNFAYYIWITKWVQLRYLECWLH,KKWMWMFWIQLLSVQRVVQSVQVVQVLVLKWWIIDIAKMVVVCVLRVCRVRVSS,1
Patr-B*05:01:01:01,Patr-B05010101,MYYSVGFVEYRETQISKTNAQTYESLNLYIRYEYAYYIWITKWWQLRYLTCWLY,KKWIWMFWIQLLSVQRVVQSVQVVQVLLLKWWIMDIAKMVVVCVVRVCRVRVSS,1
HLA-C*08:03:01:01,HLA-C08030101,MYYAVGFVGYRETQKYKRQAQTDVSLNLYLRYNFAYYIWITKWTQLRYLTCWLY,KKWMWMFWIQVQSVLSVVQSVQVVQVLLLKKWIIDIAKMVVVCVLVCCRVRVSS,1
HLA-B*40:21,HLA-B4021,MYYAVGFVMYRETQISKTNTQTYESLNLYLRYNYAYYIWISKLVQLRYLECWLY,KKWMWMFWIQLQSVQSVVVSVQVVQVLLLKWWIMDIAKMVVVCVLRVCRVRVSS,1
HLA-B*13:02,HLA-B1302,MYYTVGFVMYRETQISKTNTQTYENLTAYWTYNLAYYIWITKWVQLRYLECWLY,KKWMWIFWIQLLRVQSVVVSVQVQQVLVLKWWIIDIAKMVVVCVLSVCRVRVSS,1
Patr-A01:01,Patr-A0101,MYFAVGFVMYQETRSAKAHSQTDVDLTLYIIYRDAYYIWITKWAQQRYLTCWLY,KKKMWMFWIQLQSVQSVVVSVLVVQVVVLKWWIMDIAKMVVVCVVRVCRVRVSS,1
Patr-A07:01,Patr-A0701,MYSAVGFVMYRETRSVKAGAQIYANLTLYILFELAYYIWITKWAQQRYLRCSLY,KKKMWMFWILLLSVLVVVQSVLVLQVVVLKWWIIDIAKMVVVCVVRVCRVRVSS,1
HLA-B*14:01:01:01,HLA-B14010101,MYYSVGFVEYRNTQICKTNTQTDESLNLYLWYNFAYYIWITKWEQLRYLTCWLH,KKWMWIFWIQLLSVQSVVQSVQVVQVLLLKWWIIDIAKMVVVCVLRVCRVRVSS,1
HLA-A*24:04,HLA-A2404,MYSAVGFVMYEETGKVKAHSQTDANLTLYLMFHYAYYIWITKWVQQRYLTCGLY,KKKMWMFWIQLLSVQVVVVSVQVVQVVVLKWWIMDIAKMVVVCVVRVCHVRVSS,1
HLA-A*68:08:01:01,HLA-A68080101,MYYAVGFVMYRNTRNVKAQSQTDVDLTLYIMYRDAYYIWTTKWVQLRYLTCWLY,KKKMWMFWIQLQSVQVVVQSVQVVQVVVLKWWIMDIAKMVVVCVVVVCRVRVSS,1
Mamu-B*06502,Mamu-B06502,LYSEVGFVMYEQTRRAKGHAQTEGNLTAYLWYDLAYYIWFTKWEQWRYLECWLY,KKKIWIFWIQVLRVQRVVQSVQVQQVVVLKWWTIDIAKMVVVCVVRVCRVRVSS,1
BOLA-2*026:01,BOLA-202601,LYYAVGFTEYRETRISKETAQTFVDLTLYIEYEYGYYIWITKWYSLRYLRCGLY,KKKIWIFWIQLQSVVSVVQSVQVVQVLVLKKWIMDIAKMVVVCVVRVCRVRVSS,1
HLA-B*27:03,HLA-B2703,MYHTVGFVEHRETQICKAKAQTDEDLTLYLNYHDAYYIWITKWVQLRYLECWLY,KKWMWMFWIQLLSVQSVVQSVQVVQVLVLKWWIIDIAKMVVVCVLRVCRVRVSS,1
HLA-A*11:04,HLA-A1104,MYYAVGFVMYQETRNVKAQSQTDVDLTLYIIYRDAYYIWITKWAQQRYLTCWLY,KKKMWMFWIQLLSVQVVVQSVLVVQVVVLKWWIIDIAKMVVVCVLRVCRVRVSS,1
Patr-B24:01,Patr-B2401,MYYTVGFVKYRETQISKTNAQTDENLTLYWTFRFAYYIWITKWVQRRYLTCWLY,KKWMWMFWIQVLSVLRVVQSVQVQQVVVLKWWIIDIAKMVVVCVVVVCRVRVSS,1
HLA-B*15:121,HLA-B15121,MYYAVGFVMYRNTQISKTNTQTYESLNLYIRYDSAYYIWITKWEQLRYLTCWLY,KKWMWMFWILLLSVQSVVVSVQVVQVLLLKWWIMDIAKMVVVCVLRVCRVRVSS,1
HLA-A*02:02,HLA-A0202,MYFAVGFVMYGETRKVKAHSQTHVDLTLYLRYHYAYYIWTTKWVQWRYLTCWLY,KKKMWMFWIQLLSVQVVVVSVQVVQVVVLKWWIMDIAKMVVVCVVRVCHVRVSS,1
HLA-B*08:02,HLA-B0802,MYDSVGFVEYRNTQIFKTNTQTDENLTAYLSYNYAYYIWITKWVQDRYLTCWLY,KKWMWMFWIQVQSVLVVVVSVQVQQLLLLKWWIMDIAKMVVVCVLSVCRVRVSS,1
BOLA-3*002:01,BOLA-300201,MYLEVGFVMYQETRKAKGNAQFFVSLNLYLLSMFGYYLWISKMEVQRYLRCWLY,KKWIWMFWILVLRVLSVLVSVQVVQVVVLKKWMIDIAKMVVVCVVRVCRVRVSS,1
HLA-B*18:04:01,HLA-B180401,MYYAVGFVTYRNTQISKTNTQTYESLNLYLRYDSAYYIWITKWVQLRYLTCWLH,KKWMWMFWIQLLSVQSVVVSVQVVQVLLLKWWIMDIAKMVVVCVLSVCRVRVSS,1
SLA-1*14:02,SLA-11402,LYSAVGFVMYRNTRNVMGSAQINVNLTLYLWYDFAYYLWISKWAHWRYLTCSLY,KKKMWIFWILLLRLQVVVVRVLVVLVLVLKWWIMDIAKMVVVCVVRVCHVRVSV,1
BOLA-2*012:01,BOLA-201201,LYYAVGFVTYRETRNFKDTAQTFVDLTLYIAYRDAYYIWITKWERHRYLTCWLY,KKKMWIAAPQLQVVQRVVQSVQQVQVVVLKWWIMDIAKMVVVCVVRVCHVRVSS,1
HLA-B*58:01:01:01,HLA-B58010101,MYYAVGFVTYGETRNMKASAQTYENLIAYIRYDSAYYIWITKWVQLRYLLCWLY,KKWMWMFWIQLLRVQVVVQSVQVVQVLLLKWWIMDIAKMVVVCVVRVCRVRVSS,1
HLA-C*03:05:01:01,HLA-C03050101,MYYAVGFVGYRETQKYKRQAQTDVSLNLYLSYDYAYYIWITKWEQLRYLLCWLY,KKKMWMFWIQLLSVQRVVQSVQVVQVLLLKWWIMDIAKMVVVCVLRVCRVRVSS,1
HLA-C*12:12,HLA-C1212,MYYAVGFVGYRETQKYKRQAQADESLNLYLWYDSAYYIWITKWEQWRYLTCWLY,KKKMWMFWIQLLSVQSVVQSVQVVQVLLLKWWIMDIAKMVVVCVLRCCRVRVSS,1
Eqca-100101,Eqca-100101,LYDSVGFVGYQETQKYKRQAQADVNLKLYLSYDYAYYIWITKWEQRRYLLCWLY,KKKMWIFWIQLLSVQSVVQSVQVVQVVLLKWWTMDIAKMVVVCVVRVCRVRVSS,1
HLA-A*29:100,HLA-A29100,MYTAVGFVMYLQTRNVKAQSQTDANLTLYIMYRDAYYIWITKWVQLRYLTCWLY,KKKMWMFWIQLLSVQVVVVSVQVVQVVVLKWWIMDIAKMVVVCVVRVCRVRVSS,1
SLA-2*11:04,SLA-21104,LYYAVGFVMYRETQIQRDNAQTFVNLTAYFSYSYGYYIWITKWEQWRYLLCGLY,KKKMWIFWIQVLRVLVVVVSVLVLQVLVLKKWIIDIAKMVVVCVVRVCHVRVSV,1
HLA-B*27:06:01:01,HLA-B27060101,MYHTVGFVEYRETQICKAKAQTDESLTLYLNYDYAYYIWITKWEQLRYLECWLY,KKWMWMFWIQLLSVQSVVQSVQVVQVLVLKWWIMDIAKMVVVCVVRVCRVRVSS,1
Gogo-B0101,Gogo-B0101,MYHTVGFVKYRETQISKTNTQTYESLNLYLRYNYAYYIWISKLVQLRYLECWLY,KKKIWMFWIQLQRVQSVVVSVQVVQVLLLKWWIIDIAKMVVVCVLRVCRVRVSS,1
Mamu-B*03901,Mamu-B03901,MYTEVGFVLYEETRRAKETAQTFVSLTAYIWYDYAYYIWNTKWERMRYLRCWLY,KKKIWMFWIQLLRVLRVVQRVQVQQLLVLKWWTMDIAKMVVVCVVRVCRVRVSS,1
HLA-A*24:06,HLA-A2406,MYSAVGFVMYEETGKVKAHSQTDENLIAYLMFHYAYYIWITKWVQWRYLTCGLY,KKKMWMFWIQLLSVQVVVVSVQVVQVLLLKWWIMDIAKMVVVCVVRVCHVRVSS,1
HLA-B*51:06:01:01,HLA-B51060101,MYYAVGFVTYRNTQIFKTNTQTYENLIAYLRYNYAYYIWITKWEQLRYLLCWLH,KKWMWMFWIQLLSVLVVVVSVQVVQVLLLKWWIMDIAKMVVVCVVRVCRVRVSS,1
BOLA-6*015:01,BOLA-601501,LYYTVGFVKYRETQISKENALWYEALNLYLLYTFGYYLWISKMDRQRYLRCGLY,KKWMWMFWILLLSVLSVVVSVVSVVVLLLKKWIMDIAKIVLVQVVRVCRVRVSS,1
HLA-C*05:09:01,HLA-C050901,MYYAVGFVGYRETQKYKRQAQTDVNLKLYLRYNFAYYIWITKWEQRRYLTCWLY,KKWMWMFWIQLLSVQRVVQSVQVVQVVLLKWWIIDIAKMVVVCVLRVCRVRVSS,1
HLA-C*03:06:01:01,HLA-C03060101,MYYAVGFVGYRETQKYKRQAQTDVSLNLYIRYVYAYYIWITKWEQLRYLLCWLY,KKKMWMFWIQLLSVQRVVQSVQVVQVLLLKWWIIDIAKMVVVCVLRVCRVRVSS,1
Mamu-B*017:04,Mamu-B01704,MYYSVGFVEYEATRRAKEAAQTHENLTAYIKYHSAYYIWNTKWYRFRYLECWLY,KKWMWMFWIQVLRVVSVVQSVLVQQVLVLKWWIMDIAKMVLVCVVVVCRVRVSS,1
HLA-B*41:01:01:01,HLA-B41010101,MYHTVGFVKYRETQISKTNTQTYESLNLYWRYNYAYYIWITKWVQDRYLTCWLY,KKKMWMFWIQLLSVLSVVQSVQVVQVLLLKWWIIDIAKMVVVCVLSVCRVRVSS,1
HLA-A*23:05,HLA-A2305,MCSAVGFVMYEETGKVKAHSQTDENLIAYLMFHYAYYIWITKWVQLRYLTCGLY,KKKMWMFWIQLLSVQVVVVSVQVLQVLLLKWWIMDIAKMVVVDVLRVCHVRVSS,1
HLA-C*06:02:01:01,HLA-C06020101,MYDSVGFVGYRETQKYKRQAQADVNLKLYLWYDSAYYIWITKWEQWRYLTCWLY,KKKMWMFWIQLLSVQRVVQSVQVLQVVLLKWWIMDIAKMVVVCVVRCCRVRVSS,1
HLA-B*35:01:01:02,HLA-B35010102,MYYAVGFVTYRNTQIFKTNTQTYESLNLYIRYDSAYYIWITKWVQLRYLLCWLY,KKWMWMFWIQLLSVQVVVVSVQVVQVLLLKWWIMDIAKMVVVCVLRVCRVRVSS,1
HLA-A*68:24,HLA-A6824,MYYAVGFVMYRNTRNVRAQSQTDVDLTLYIMYRDAYYIWTTKWVQWRYLTCWLY,KKKMWMFWIQLQSVQVVVQSVLVVQVVVLKWWIMDIAKMVVVCVVRVCRVRVSS,1
HLA-A*30:14,HLA-A3014,MYSAVGFVMYQETRNVKAQSQTDVDLTLYIIYEHAYYIWITKWWQLRYLTSWLY,KKKMWMFWIQLLSVQVVVQSVQVVQVVVLKWWIIDIAKMVVVCVVVVCRVRVSS,1
HLA-C*07:06:01:01,HLA-C07060101,MYDSVGFVGYRETQNYKRQAQADVSLNLYLRYDSAYYIWITKLAQLRYLTCWLY,KKKMWMFWIQLLSVQRVVQSVQVVQVLLLKWWIMDIAKMVVVCVLRVCRVRVSS,1
HLA-A*31:08,HLA-A3108,MYTAVGFVMYEETGKVKAHSQTDENLIAYIMYQDAYYIWITKWVQLRYLTCWLY,KKKMWMFWIQLLSVQVVVVSVQVVQVLVLKWWIMDIAKMVVVCVLRVCRVRVSS,1
Mamu-A1*00201,Mamu-A100201,MYYAVGFVMYRETRNMKAETQNAVNLNLYIRYHSAYYIWNTKWEQHRYLECWLY,KKWMWMFWIQLLSVQVVVVRVQRVQVLVLKWWTMDIAKMVVVCVLRVCRVRVSS,1
HLA-B*83:01,HLA-B8301,MYYSVGFVEYRNTQIYKAQAQTDESLNLYIRYDDAYYIWITKWVQDRYLLCSLY,KKWMWIFWILLLSVLSVVQSVQVVQVLLLKWWTMDIAKMVVVCVLRVCRVRVSS,1
HLA-A*02:16,HLA-A0216,MYFAVGFVMYGETRKVKAHSQTHVDLTLYVRYHYAYYIWTTKWVQLRYLECWLY,KKKMWMFWIQLLSVQVVVVSVQVVQVLVLKWWTMDIAKMVVVCVVVVCRVRVSS,1
HLA-B*15:346,HLA-B15346,MYYAVGFVMYRETQISKTNTQTYESLNLYLRYDSAYYIWIIKWEQWRYLLCWLY,KKWMWMFWIQLLRVLSVVQSVQVVQVVLLKWWIIDIAKMVVVCVVSCCRVRVSS,1
HLA-A*24:23,HLA-A2423,MYSAVGFVMYEETGKVKAHSQTDENLIAYLMFHYAYYIWITKWVQQRYLTCWLY,KKKMWMFWIQLLSVQVVVVSVQVVQVLLLKWWIMDIAKMVVVCVVRVCHVRVSS,1
HLA-A*69:01,HLA-A6901,MYYAVGFVMYRNTRNVKAQSQTDVDLTLYVRYHYAYYIWTTKWVQLRYLTCWLY,KKKMWMFWIQLQSVQVVVVSVQVVQVLVLKWWTMDIAKMVVVCVVVVCRVRVSS,1
HLA-B*42:01:01:01,HLA-B42010101,MYYSVGFVEYRNTQIYKAQAQTDESLNLYLSYNYAYYIWITKWVQDRYLTCWLY,KKWMWIFWIQLQSVLSVVQSVQVVQVLLLKWWIMDIAKMVVVCVLSVCRVRVSS,1
BOLA-2*016:01,BOLA-201601,LYSAVGFTEYRNTRIYKDTAQTFVYLTLYLWSMFGYYIWITKWNSERYLECGLY,KKKMWIFWIVVQSVLRVVQSVLVLVVLLLKKWIMDIAKMVVVCVVRVCHVRVSS,1
HLA-B*50:05,HLA-B5005,MYHTVGFVKYRETQISKTNTQTYESLNLYWRYNLAYYIWITKWEQLRYLLCWLY,KKKMWMFWIQLLRVLSVVQSVQVLQVLLLKWWIIDIAKMVVVCVVRVCRVRVSS,1
Mamu-A1*007:01:01:01,Mamu-A1007010101,MYYSVGFVEYRNTRICKANTQTYESLNLYIRYEFAYYIWNTKWAQMRYLECWLH,KKWMWMFWIQLQSVQSVVQSVQVVQVLVLKWWIMDIAKMVVVCVLRVCRVRVSS,1
HLA-B*41:02:01:01,HLA-B41020101,MYHTVGFVKYRETQISKTNTQTYESLNLYLSYNYAYYIWITKWVQDRYLTCWLY,KKKMWMFWIQVLSVLSVVQSVQVVQVLLLKWWIMDIAKMVVVCVLSVCRVRVSS,1
HLA-A*11:03:01:02,HLA-A11030102,MYYAVGFVMYQETRNVKAQSQTDVDLTLYIIYRDAYYIWITKWEQQRYLRCWLY,KKWMWMFWIQLLSVQVVVQSVLVVQVVVLKWWIIDIAKMVVVCVVRVCRVRVSS,1
HLA-B*51:02:01:01,HLA-B51020101,MYYAVGFVTYRNTQIFKTNTQTYENLIAYWTYNYAYYIWITKWEQLRYLLCWLY,KKWMWMFWIQLVSVLVVVVSVQVQQVVVLKWWIIDIAKMVVVCVVRVCRVRVSS,1
Mamu-A7*00103,Mamu-A700103,MYYAVGFVMYRETRNMKTETQNAVNLTLYLRVEYAYYIWNTKWVSMRYLECWLY,KKWMWIFWIQLLSVQVVVVSVCRVQVLLLKWWTMDIAKMVVVCVVSVCHVRVNS,1
HLA-B*27:05:02:01,HLA-B27050201,MYHTVGFVEYRETQICKAKAQTDEDLTLYLNYHDAYYIWITKWVQLRYLECWLY,KKWMWMFWIQLLSVQSVVQSVQVVQVLVLKWWIIDIAKMVVVCVLRCCRVRVSS,1
HLA-B*27:09,HLA-B2709,MYHTVGFVEYRETQICKAKAQTDEDLTLYLNYHHAYYIWITKWVQLRYLECWLY,KKWMWMFWIQLLSVQSVVQSVQVVQVLVLKWWIMDIAKMVVVCVVRCCRVRVSS,1
Patr-C*06:01:01:01,Patr-C06010101,MYYAVGFVGYRETQKYKRQAQADVSLNLYLSYDYAYYLWITKLAQLRYLLCWLY,KKKMWMFWIQLQSVQSVVQSVQVVQVLLLKWWIIDIAKMVVVCVLRVCRVRVSS,1
Mamu-B*029:01:01:01,Mamu-B029010101,LYSEVGFVMYEETRRAKANAQTDVDLTLYIWYHSAYYIWNTKWYRFRYLTCWLY,KKKMWIFWIQLLRVQRVVQRVQVVQVVVLKWWTMDIAKMVVVCVVRVCRVRVSS,1
HLA-A*30:04:01:01,HLA-A30040101,MYSAVGFVMYQETRNVKAHSQTDENLTLYIIYEHAYYIWITKWVQWRYLTCWLY,KKKMWMFWIQLLSVQVVVVRVLVVQVVVLKWWIIDIAKMVVVCVVRVCHVRVSS,1
HLA-A*02:10,HLA-A0210,MYYAVGFVMYGETRKVKAHSQTHVDLTLYVRFHYAYYIWTTKWVQLRYLTCWLY,KKWMWMFWIQLLSVQVVVVSVQVVQVLVLKWWTMDIAKMVVVCVVVVCHVRVSS,1
Mamu-B*00101,Mamu-B00101,MYHSVGFVMYRETRKAKGNAQTDENLIAYLMHYRAYYIWNTKWVQRRYLRCWLY,KKKMWMFWIQLLSVLSVVQSVQVVQVLVLKWWTMDIAKMVVVCVVRVCHVRVSV,1
HLA-B*59:01:01:02,HLA-B59010102,MYYAVGFVEYRNTQIFKTNTQTYENLIAYWTYNLAYYIWITKWVQLRYLTCWLY,KKWMWIFWIQLQSVLVVVVSVQVVQVVVLKWWIIDIAKMVVVCVLSVCRVRVSS,1
Patr-A*04:02,Patr-A0402,MYSAVGFVMYEETRSVKASAQTDVDLTLYILFRDAYYIWITKWAQWRYLTCGLY,KKKMWMFWILLLSVVVVVVSVLVVQVVVLKWWTMDIAKMVVVCVVRVCHVRVSS,1
HLA-B*27:14,HLA-B2714,MYHTVGFVEYRETQICKAKAQTDEDLTLYWTYHDAYYIWITKWVQLRYLECWLY,KKWMWMFWIQLLSVQSVVQSVQVVQVVVLKWWIIDIAKMVVVCVLRCCRVRVSS,1
HLA-B*15:112,HLA-B15112,MYYAVGFVMYRNTQISKTNTQTYESLNLYIRYDSAYYIWITKWEQLRYLLCWLY,KKWMWMFWILLLSVQSVVVSVQVVQVLLLKWWIMDIAKMVVVCVLRVCRVRVSS,1
BOLA-3*027:01,BOLA-302701,MYSEVGFVMYRNTRNAKGNAQSFVGLTLYLWSMYGYYLWITKWYVQRYLECWLH,KKKIWMFWIQLQSVLSVLQSVLVLQVVVLKKWIIDIAKMVVVCVVRVCRVRVSS,1
HLA-A*68:12:02,HLA-A681202,MYYAVGFVMYRNTRNVKAQSQTDVDLTLYIMYRDAYYIWITKWVQWRYLTCWLY,KKKMWMFWIQLQSVQVVVQSVLVVQVVVLKWWIMDIAKMVVVCVVRVCRVRVSS,1
Patr-A06:02,Patr-A0602,MYSAVGFVMYQETRSVKAFAQTDANLTLYIIYRDAYYIWITKWAQWRYLTCGLY,KKKMWMFWIQLLSVLVVVQSVQVVQVVVLKWWIMDIAKMVVVCVVRVCRVRVSS,1
HLA-B*08:01:01:01,HLA-B08010101,MYDSVGFVEYRNTQIFKTNTQTDESLNLYLSYNYAYYIWITKWVQDRYLTCWLY,KKKMWIFWIQVQSVLVVVQSVQVVQVLLLKWWIMDIAKMVVVCVLSVCRVRVSS,1
Patr-A09:01,Patr-A0901,MYSAVGFVMYEETRSVKASAQTDVDLTLYIIYRYAYYIWITKWARLRYLTCWLY,KKKMWMFWIQLQSVQVVVVSVQVVQVVVLKWWIIDIAKMVVVCVVVVCRVRVSS,1
HLA-C*18:01:01:01,HLA-C18010101,MYDSVGFVGYRETQKYKRQAQADVNLKLYLRFNFAYYIWITKWEQRRYLTCWLY,KKKMWMFWIQLLSVQRVVQSVQVVQVVLLKWWIIDIAKMVVVCVLRVCRVRVSS,1
HLA-A*03:02,HLA-A0302,MYFAVGFVMYQETRNVKAQSQTDVDLTLYIIYRDAYYIWITKWVQQRYLTCWLY,KKKMWMFWIQLLSVQVVVVSVQVVQVVVLKWWIIDIAKMVVVCVVRVCHVRVSS,1
HLA-B*50:02:01:01,HLA-B50020101,MYHTVGFVKYRETQISKTNTQTYESLNLYWRYNLAYYIWITKWEQLRYLLCSLY,KKKMWMFWIQLLSVLSVVQSVLVLQVLLLKWWIIDIAKMVVVCVVRVCRVRVSS,1
Mamu-B*01701,Mamu-B01701,MYYSVGFVEYEATRRAKEAAQTHENLTAYIKYHSAYYIWNTKWYRFRYLECWLY,KKWMWMAWIQVLRVVSVVQSVLVLQVLVLKWWIMDIAKMVLVCVVVVCRVRVSS,1
Mamu-A1*026:01:01:01,Mamu-A1026010101,MYYAVGFVMYSQTRIMKADTQSYESLNLYIRLHHAYYIWNTKWAPWRYLECWLY,KKKMWMFWIQLLSVQVVVQSVQVVQVLLLKWWTMDIAKMVVVCVLSVCRVRVSS,1
HLA-A*30:02:01:01,HLA-A30020101,MYSAVGFVMYQETRNVKAHSQTDENLTLYIIYEHAYYIWITKWRQLRYLTCWLY,KKKMWMFWIQLLSVQVVVVRVLVVQVVVLKWWIIDIAKMVVVCVVVVCRVRVSS,1
HLA-B*40:02:01:01,HLA-B40020101,MYHTVGFVKYRETQISKTNTQTYESLNLYLSYNYAYYIWITKWVQLRYLECWLY,KKKMWMFWIQLLSVQSVVVSVQVVQVLLLKWWIMDIAKMVVVCVLRVCRVRVSS,1
Patr-B09:01,Patr-B0901,MYYTVGFVMYRETRNMKASAQTDENLIAYIRYYYAYYIWITKWAQRRYLTCWLY,KKWMWMFWIQLQRVLVVVQSVQVVQVLLLKWWTMDIAKMVVVCVVRVCRVRVSS,1
HLA-B*35:172,HLA-B35172,MYYAVGFVTYRNTQIFKTNTQTYESLNLYIRYNYAYYIWITKWVQRRYLLCWLY,KKKMWMFWILLLSVLVVVVSVQVVQVLLLKWWIMDIAKMVVVCVLRVCRVRVSS,1
HLA-B*51:01,HLA-B5101,MYYAVGFVTYRNTQIFKTNTQTYENLIAYWTYNYAYYIWITKWEQLRYLLCWLH,KKWIWMFWIQLVSVLVVVVSVQVQQVVVLKWWIIDIAKMVVVCVVRVCRVRVSS,1
HLA-C*17:01:01:02,HLA-C17010102,MYYAVGFVGYRETQKYKRQAQADVNLKLYIRYNFAYYIWISKLEQLRYLECWLY,KKKMWMFWIQLLSVQSVVQSVQVVQVLLLKWWIMDIAKMVVVCVLRVCRVRVSS,1
HLA-B*45:01:01:01,HLA-B45010101,MYHTVGFVKYRETQISKTNTQTYESLNLYWRYNLAYYIWITKWVQDRYLLCSLY,KKKMWMFWIQLLSVLSVVQSVQVLQVLLLKWWIIDIAKMVVVCVLSVCRVRVSS,1
HLA-B*55:04,HLA-B5504,MYYAVGFVEYRNTQIYKAQAQTDESLNLYLSYNYAYYIWITKWVQLRYLTCWLY,KKKMWIFWIQLLSVQSVVQSVQVVQVLLLKWWIMDIAKMVVVCVLRVCRVRVSS,1
HLA-B*07:09:01,HLA-B070901,MYYSVGFVEYRNTQIYKAQAQTDESLNLYLSYDSAYYIWITKWEQRRYLECWLY,KKWMWIFWIQLQSVQSVVQSVQVVQVLLLKWWIMDIAKMVVVCVLRVCRVRVSS,1
HLA-B*44:03:01:01,HLA-B44030101,MYYTVGFVKYRETQISKTNTQTYENLTAYIRYDDAYYIWITKWVQLRYLLCSLY,KKWMWMFWILLLRVLSVVVSVQVVQVLVLKWWIMDIAKMVVVCVLVVCRVRVSS,1
HLA-B*54:01:01:01,HLA-B54010101,MYYAVGFVGYRNTQIYKAQAQTDESLNLYWTYNLAYYIWITKWVQLRYLTCWLY,KKKMWMFWILLLSVQSVVQSVQVVQVLLLKWWIIDIAKMVVVCVLSVCRVRVSS,1
HLA-B*53:02,HLA-B5302,MYYAVGFVTYRNTQIFKTNTQTYENLIAYIRYDSAYYIWITKWVQLRYLLCWLH,KKWIWMFWIQLVSVLVVVVSVQVVQVLVLKWWIMDIAKMVVVCVLRVCRVRVSS,1
HLA-A*11:10,HLA-A1110,MYYAVGFVMYRNTRNVKAQSQTDVDLTLYIIYRDAYYIWITKWAQQRYLRCWLY,KKKMWMFWIQLQSVQVVVQSVLVVQVVVLKWWIIDIAKMVVVCVLRVCRVRVSS,1
HLA-A*66:02:01:01,HLA-A66020101,MYYAVGFVMYRNTRNVKAQSQTDVDLTLYIRYQDAYYIWITKWEQWRYLECWLY,KKKMWMFWIQLQSVQVVVVSVLVVQVVVLKWWTIDIAKMVVVCVVRVCHVRVSS,1
HLA-A*02:52,HLA-A0252,MYFAVGFVMYGETRKVKAHSQTHVDLTLYVRYEHAYYIWTTKWVQLRYLTCWLY,KKKMWMFWIQLLSVQVVVVSVQVVQVLVLKWWTIDIAKMVVVCVVVVCRVRVSS,1
HLA-B*39:11,HLA-B3911,MYYSVGFVEYRNTQICKTNTQTYESLNLYLRYNFAYYIWITKWVQRRYLTCWLY,KKWIWIFWIQLLSVLSVVVSVQVVQVLLLKWWIIDIAKMVVVCVLRVCRVRVSS,1
HLA-B*15:312,HLA-B15312,MYYSVGFVEYRNTQICKTNTQTYESLNLYLRYDYAYYIWITKWQQLRYLLCWLY,KKWIWIFWIQLLSVQSVVVSVQVVQVLLLKWWIMDIAKMVVVCVLRVCRVRVSS,1
HLA-A*02:14,HLA-A0214,MYYAVGFVMYGETRKVKAHSQTHVDLTLYLRYHYAYYIWTTKWVQLRYLTCWLY,KKWMWMFWIQLLSVQVVVVSVQVVQVVVLKWWTMDIAKMVVVCVVVVCRVRVSS,1
HLA-A*02:12,HLA-A0212,MYFAVGFVMYGETRKVKAHSQTHVDLTLYVRYHYAYYIWTTKWVQQRYLTCWLY,KKKMWMFWIQLLSVQVVVVSVQVVQVLVLKWWTMDIAKMVVVCVVRVCHVRVSS,1
HLA-B*27:08,HLA-B2708,MYHTVGFVEYRETQICKAKAQTDESLNLYLNYHDAYYIWITKWVQLRYLECWLY,KKWMWMFWIQLLSVQSVVQSVQVVQVLLLKWWIMDIAKMVVVCVLRVCRVRVSS,1
HLA-A*24:03,HLA-A2403,MYSAVGFVMYEETGKVKAHSQTDENLIAYLMFHYAYYIWITKWVQQRYLTCWLY,KKKMWMFWIQLLSVQVVVVSVQVVQVLLLKWWIMDIAKMVVVCVVRVCHVRVSS,1
HLA-B*08:09,HLA-B0809,MYDSVGFVEYRNTQIFKTNTQTDESLNLYWTYNYAYYIWITKWVQDRYLTCWLY,KKKMWMFWIQLQSVLVVVQSVQVQQVVLLKWWIIDIAKMVVVCVLSVCRVRVSS,1
Eqca-1600101,Eqca-1600101,MYYTVGFVKYRETQISKTNAQTDVSLNLYWTFRYAYYIWITKWVQLRYLTCWLY,KKWMWMFWIQLLSVQRVVQSVQVVQVLVLKWWIIDIAKMVVVCVVSVCRVRVSS,1
H-2-Ld,H-2-Ld,MYESVGFVYYRITQIAKGQEQWFVNLTLYLWYEFAYYIWITKWAYYRYLECWLY,KKKIWMFWIQVLRVLSVVVSVLVVQVVVLKWWTMDIAKMVVVCVVSVCRVRVSV,1
BOLA-2*048:01,BOLA-204801,LYYSVGFVEYEQTRIVKDTAQSFVGLTLYLLYMDAYYIWITKRARQRYLRCGLY,KKWMWIFWIVVQRVLVVVQSVLVLQVLLLKKWIIDIAKMVVVCVVVVCRVRVSS,1
BOLA-1*009:01,BOLA-100901,LYYSVGFVMYRETRISKENTLVYGSLNLYLLYRDAYYIWITKWYSLRYLRCWLY,KKWMWIFWIQLQSVQSVVQSVQVLQVLLLKKWIIDIAKMVVVCVVRVCRVRVSS,1
HLA-B*15:02:01:01,HLA-B15020101,MYYAVGFVMYRNTQISKTNTQTYESLNLYIRYDSAYYIWITKWEQLRYLLCWLY,KKWMWMFWILLLSVQSVVVSVQVVQVLLLKWWIMDIAKMVVVCVLRVCRVRVSS,1
HLA-B*57:02,HLA-B5702,MYYAVGFVMYGETRNMKASAQTYENLIAYIVYNYAYYIWITKWVQRRYLLCWLY,KKWMWMFWIQLLRVLVVVQNVQVVQVLLLKWWIMDIAKMVVVCVVRVCRVRVSS,1
Mamu-A7*01:03:01:01,Mamu-A701030101,MYYAVGFVMYRETRIMKTATQTYGNLTAYFKYEFAYYIWNTKWAQHRYLECWLY,KKKMWMFWIQLQRVLVVVVSVQLLQLLVLKWWIIDIAKMVVVCVLRVCRVRVSS,1
HLA-B*18:03:01:01,HLA-B18030101,MYHSVGFVTYRNTQISKTNTQTDESLNLYLRYDSAYYIWITKWVQLRYLTCWLH,KKWIWMFWIQLLSVQSVVQSVQVVQVLLLKWWIMDIAKMVVVCVLSVCRVRVSS,1
HLA-B*40:13,HLA-B4013,MYHTVGFVKYRETQIFKTNTQTYENLIAYLSYNYAYYIWITKWVQLRYLECWLY,KKKMWMFWIQLLRVQVVVVSVQVVQVLLLKWWIMDIAKMVVVCVLRVCRVRVSS,1
HLA-A*01:02:01:01,HLA-A01020101,MYSAVGFVMYQETRNMKAHSQTDANLTLYIIYRDAYYIWITKWAQRRYLRCGLY,KKKMWMFWIQLLSVQVVVVSVLVVQVVVLKWWIIDIAKMVVVCVVVVCRVRVSS,1
HLA-B*15:68,HLA-B1568,MYYSVGFVEYRETQISKTNTQTYESLNLYLSYDSAYYIWITKWEQWRYLLCWLY,KKWMWIFWIQLLSVQSVVVSVQVVQVLLLKWWIMDIAKMVVVCVVSCCRVRVSS,1
HLA-B*41:03:01,HLA-B410301,MYHTVGFVKYRETQISKTNTQTYESLNLYLRYNYAYYIWITKWVQDRYLTCWLY,KKWMWMFWIQLLSVLSVVQSVQVVQVLLLKWWIMDIAKMVVVCVLSVCRVRVSS,1
HLA-B*52:01:01:01,HLA-B52010101,MYYAVGFVTYRETQISKTNTQTYENLIAYWTYNYAYYIWITKWEQLRYLLCWLH,KKWIWMFWIQLLRVLSVVVSVQVQQVVVLKWWIIDIAKMVVVCVVRVCRVRVSS,1
HLA-A*24:13:02,HLA-A241302,MYSAVGFVMYEETGKVKAHSQTDENLIAYLMFHYAYYIWITKWVQLRYLTCGLY,KKKMWMFWIQLLSVQVVVVSVQVVQVLLLKWWIMDIAKMVVVCVVVVCRVRVSS,1
HLA-B*49:01:01:01,HLA-B49010101,MYHTVGFVKYRETQISKTNTQTYENLIAYWRYNLAYYIWITKWEQLRYLLCWLY,KKKMWMFWIQLLSVLVVVVSVQVLQVVVLKWWIIDIAKMVVVCVVRVCRVRVSS,1
HLA-B*35:07,HLA-B3507,MYYAVGFVTYRNTQIFKTNTQTYESLNLYIRYDSAYYIWITKWVQLRYLLCWLY,KKWMWMFWIQLLSVQVVVVSVQVVQVLLLKWWIMDIAKMVVVCVLRVCRVRVSS,1
HLA-B*15:04:01:01,HLA-B15040101,MYYAVGFVMYRETQISKTNTQTYESLNLYWTYDSAYYIWITKWEQWRYLLCWLY,KKWMWMFWIQLLRVLSVVQSVQVLQVLLLKWWIIDIAKMVVVCVVSCCRVRVSS,1
SLA-1*07:01,SLA-10701,LYYAVGFVEYRNTQIYKETAQTYVNLTLYIIYRDAYYIWITKWVQLRYLRCGLY,KKKMWIFWILLQSVQSVVQRVQVVQVLVLKKWMMDIAKMVVVCVLRVCRVRVSV,1
BOLA-6*014:01,BOLA-601401,LYHTVGFVKYRETQISKENALWYEALNLYYRYTFGYYIWITKWERFRYVRCGLY,KKWMWMFWILLQSVLSVVVRVQVVVVVVLKKWMIDIAKMVLVCVVVVCHVRVSS,1
HLA-B*39:31:01:01,HLA-B39310101,MYHSVGFVEYRNTQICKTNTQTDESLNLYLRYNFAYYIWITKWVQLRYLTCWLY,KKWIWIFWIQLLSVQRVVQSVQVVQVLLLKWWIIDIAKMVVVCVLSCCRVRVSS,1
HLA-B*35:149,HLA-B35149,MYYAVGFVTYRNTQIFKTNTQTYESLNLYIRYNYAYYIWITKWVQLRYLLCWLY,KKWMWMFWIQLLSVQVVVVSVQVVQVLLLKWWIMDIAKMVVVCVLRVCRVRVSS,1
HLA-C*03:179,HLA-C03179,MYYAVGFVGYRETQKYKRQAQTYESLNLYIRYDYAYYIWITKWEQLRYLLCWLY,KKKMWMFWIQLLRVQRVVQSVQVVQVLLLKWWIMDIAKMVVVCVLRVCRVRVSS,1
HLA-C*02:02:01,HLA-C020201,MYYAVGFVGYRETQKYKRQAQTDVNLKLYLRYDSAYYIWITKWEQWRYLECWLY,KKKMWMFWIQLLSVQRVVQSVQVVQVVLLKWWIIDIAKMVVVCVVRVCRVRVSS,1
HLA-C*01:30,HLA-C0130,MYFSVGFVGYRETQKYKRQAQTDVSLNLYLWCDYAYYIWITKWEQRRYLTCWLH,KKKMWIFWIQLLSVQRVVQSVQVVQVLLLKWWTIDIAKMVVVCVLRVCHVRVSS,1
HLA-A*26:01,HLA-A2601,MYYAVGFVMYRNTRNVKAHSQTDANLTLYIRYQDAYYIWITKWEQWRYLRCWLY,KKKMWMFWIQLQSVQVVVVSVLVVQVVVLKWWTMDIAKMVVVCVVRVCHVRVSS,1
HLA-B*41:05,HLA-B4105,MYHTVGFVKYRETQISKTNTQTYESLKLYWRYNYAYYIWITKWVQDRYLTCWLY,KKWMWMFWIQLLSVLSVVQSVQVVQVVLLKWWIIDIAKMVVVCVLSVCRVRVSS,1
HLA-B*13:01:01:01,HLA-B13010101,MYYTVGFVMYRETQISKTNTQTYENLTAYIRYNLAYYIWITKWVQLRYLECWLY,KKWMWIFWIQLLRVQSVVVSVQVVQVLVLKWWIMDIAKMVVVCVLRVCRVRVSS,1
BOLA-2*030:01,BOLA-203001,LYYSVGFVEYRNTRIYKDTAQNFVSLNLYLWSWFGYYIWITKWNSERYLECWLY,KKKMWIFWIQLVSVLRVVQSVLVVQVLLLKWWTMDIAKMVVVCVVRVCHVRVSS,1
H-2-Lq,H-2-Lq,MYESVGFVYYRITQIAKGQEQWFVNLTLYIRYEYAYYIWITKWAHYKYLECWLY,KKKIWIFWIQVLRVLVVLVSVLVVQVVVLKWWTMDIAKMVVVCVVRVCRVRVSV,1
BOLA-2*008:01,BOLA-200801,LYLIVGFVMYRETRNSKETAQTFANLTAYVEYMDAYYIWITKWDTWRYLRCWLY,KKWIWIFWIQLQRVLRVVQSVQVLQVLLLKKWIIDIAKMVVVCVVRVCRVRVSS,1
HLA-B*15:359,HLA-B15359,MYYAVGFVMYRETQISKTNTQTYESLNLYLRYDSAYYIWITKWEQWRYLLCWLY,KKWMWMFWIQLLRVQSVVQSVQVVQVLLLKWWIMDIAKMVVVCVVRCCRVRVSS,1
HLA-A*34:02:01:01,HLA-A34020101,MYYAVGFVMYRNTRNVKAQSQTDVDLTLYIIYRDAYYIWITKWEQLRYLTCWLY,KKWMWMFWIQLQSVQVVVQSVQVVQVVVLKWWIIDIAKMVVVCVVRVCRVRVSS,1
HLA-C*15:09:01:01,HLA-C15090101,MYYAVGFVGYRETQNYKRQAQTDVNLKLYIRYDSAYYIWITKWEQLRYLTCWLY,KKKMWMFWIQLLSVQRVVQSVQVVQVLLLKWWIMDIAKMVVVCVVRVCRVRVSS,1
BOLA-1*042:01,BOLA-104201,LYHTVGFVKYDETRISKENTLLYKDLTLYIAYRDAYYIWITKWYSLRYLRCGLY,KKWMWIFWIQLQSVLRVVQSVQVVQVLVLKWWIMDIAKMVVVCVVRVCRVRVSS,1
Mamu-B*00301,Mamu-B00301,MYSSVGFVEYEETRNAKGHAQTDADLNLYLTYHYAYYFWITKWEQVRYLTCWLY,KKKMWMFWIQLLRVQSVVASVQVVQVLLLKWWTMDIAKIVVVCVVRVCRVRVSS,1
BOLA-3*017:01,BOLA-301701,MYSEVGFVMYRETQRAKGNAQIFVSLNLYFWYEYGYYIWITKWARQRYLRCWLY,KKKIWMFWIQLQSVLSVVVSVLVLQVVVLKWWIIDIAKMVVVCVVRVCRVRVSS,1
Mamu-B*05201,Mamu-B05201,MYSEVGFVMYEETRRAKGNAQTFVNLTAYIGYHHAYYIWNTKWVKLRYLRCWLY,KKKIWMFWIQLLRVQVVVQRVQLVQLLVLKWWIMDIAKMVVVCVVRVCRVRVSS,1
HLA-C*08:13,HLA-C0813,MYYAVGFVGYRETQKYKRQAQTDVSLNLYLRYNFAYYIWITKWEQLRYLTCWLY,KKWMWMFWIQLLSVQRVVQSVQVVQVLLLKWWIIDIAKMVVVCVLRVCRVRVSS,1
HLA-C*14:02:01:01,HLA-C14020101,MYSAVGFVGYRETQKYKRQAQTDVSLNLYLWFDSAYYIWITKWEQRRYLTCWLY,KKKMWMFWIQLLSVQRVVQSVQVVQVLLLKWWTMDIAKMVVVCVLVVCRVRVSS,1
HLA-B*15:03,HLA-B1503,MYYSVGFVEYRETQISKTNTQTYESLNLYLRYDSAYYIWITKWEQLRYLLCWLY,KKWMWMFWIQLLSVQSVVVSVQVVQVLLLKWWIMDIAKMVVVCVLRVCRVRVSS,1
HLA-C*06:06:01:01,HLA-C06060101,MYDSVGFVGYRETQKYKRQAQADVNLKLYLWYDSAYYIWITKWEQRRYLTCWLY,KKKMWMFWIQLLSVQRVVQSVQVLQVVLLKWWTMDIAKMVVVCVVRVCRVRVSS,1
HLA-A*24:02:01:01,HLA-A24020101,MYSAVGFVMYEETGKVKAHSQTDENLIAYLMFHYAYYIWITKWVQQRYLTCGLY,KKKMWMFWIQLLSVQVVVVSVQVVQVLLLKWWIMDIAKMVVVCVVRVCHVRVSS,1
HLA-B*44:22,HLA-B4422,MYYTVGFVKYRETQISKTNTQTYENLTAYIRYDDAYYIWITKWVQDRYLLCSLY,KKWMWMFWILLLRVLSVVVSVQVVQVLVLKWWIMDIAKMVVVCVLRVCRVRVSS,1
BOLA-6*040:01,BOLA-604001,MYSEVGFVMYEETQRAKGITQVFVNLTLYLWCWFGYYLWISKMASGRYVTCWLY,KKKIWMFWIVVVRVQSVVQSVQVVQVLLLKWWTIDIAKMVVQCVLRVCHVRVSS,1
HLA-B*44:275,HLA-B44275,MYYTVGFVKYRETQISKTNTQTYENLTAYIRYDDAYYIWITKWVQWRYLLCWLH,KKWMWMFWIQLLRVLSVVVSVQVVQVLVLKWWIMDIAKMVVVCVVRVCRVRVSS,1
HLA-A*02:03,HLA-A0203,MYFAVGFVMYGETRKVKAHSQTHVDLTLYVRYHYAYYIWTTKWEQWRYLTCWLY,KKKMWMFWIQLLSVQVVVVSVQVVQVLVLKWWTMDIAKMVVVCVVVVCHVRVSS,1
HLA-G*01:01:01:01,HLA-G01010101,MYSAMGFVMYEETRNTKAHAQTDMNLTLYLWIEYAYYLWISKCVQRRYLTCWLY,KKKMWMFWIQLQRVLVVVVSVQVVQVVLLKWWIIDIAKMVVVCVLSCCHVRVSS,1
HLA-A*33:05,HLA-A3305,MYTAVGFVMYRNTRNVKAHSQIDVDLTLYIMYQDAYYIWITKWVQLRYLTCWLH,KKKMWMFWIQLQSVQVVVVSVQVVQVVVLKWWIMDIAKMVVVCVVRVCRVRVSS,1
HLA-C*03:07:01:01,HLA-C03070101,MYYAVGFVGYRETQKYKRQAQTDVNLKLYIRYDYAYYIWITKWEQLRYLLCWLY,KKKMWMFWIQLLSVQRVVQSVQVVQVLLLKWWIMDIAKMVVVCVLRVCRVRVSS,1
HLA-B*35:02:01:01,HLA-B35020101,MYYAVGFVTYRNTQIFKTNTQTYESLNLYIRYNYAYYIWITKWVQLRYLLCWLY,KKWMWMFWIQLLSVQVVVVSVQVVQVLLLKWWIMDIAKMVVVCVLRVCRVRVSS,1
SLA-3*03:01,SLA-30301,LYDSVGFVMYEETQNAMGSAQTFVNLNLYLSYHDAYYIWIAKWVQWRYLACWLY,KKWMWIFWIQVLSLLSVVQRVQVLQVLLLKWWIMDIAKMVVVCVVRVCRVRVSV,1
HLA-B*07:22:01,HLA-B072201,MYYSVGFVEYRNTQIYKAQAQTDESLNLYLSYDYAYYIWITKWEQRRYLECWLY,KKWMWIFWIQLQSVQSVVQSVQVVQVLLLKWWIIDIAKMVVVCVLRVCRVRVSS,1
H-2-Dq,H-2-Dq,MYESVGFVYYRITQIAKDNEQWFVSLTAYIRYEFAYYIWITKWAHYKYLECWLY,KKKIWMFWIQVLSVLSVVVSVLQQQVLVLKWWIMDIAKMVVVCVVRVCRVRVSC,1
BOLA-2*056:01,BOLA-205601,LYYAVGFVTYQETRNFKDAAQTFANLTLYFLSTYGYYIWITKWAGHRYLRCGLY,KKKMWMFWILVQSVLRVVVSVLVLQVLVLKKWIIDIAKMVVVCVLRVCHVRVSV,1
Patr-B*16:02,Patr-B1602,MYYTVGFVKYRETQISKTNAQTDESLNLYWTFRYAYYIWITKWVQLRYLTCWLY,KKWMWMFWIQLLSVQRVVQSVQVVQVVVLKWWIIDIAKMVVVCVVSVCRVRVSS,1
HLA-B*18:01:01:01,HLA-B18010101,MYHSVGFVTYRNTQISKTNTQTYESLNLYLRYDSAYYIWITKWVQLRYLTCWLH,KKKIWMFWIQLLSVQSVVVSVQVVQVLLLKWWIMDIAKMVVVCVLSVCRVRVSS,1
HLA-A*02:29,HLA-A0229,MYFAVGFVMYGETRQVKAHSQTHVDLTLYVRYHYAYYIWTTKWVQLRYLTCWLY,KKKMWMFWIQLLSVQVVVVSVQVVQVLVLKWWTMDIAKMVVVCVVVVCRVRVSS,1
HLA-A*24:25,HLA-A2425,MCSAVGFVMYEETGKVKAHSQTDENLIAYLMFHYAYYIWITKWVQQRYLTCGLY,KKKMWMFWIQLLSVQVVVVSVQVVQVLLLKWWIMDIAKMVVVCVVRVCHVRVSS,1
HLA-B*18:06,HLA-B1806,MYHSVGFVTYRNTQISKTNTQTYVSLNLYLRYDSAYYIWITKWVQLRYLTCWLH,KKKIWMFWIQLLSVQSVVVSVQVVQVLLLKWWIMDIAKMVVVCVLSVCRVRVSS,1
HLA-C*16:01:01:01,HLA-C16010101,MYYAVGFVGYRETQKYKRQAQTDVSLNLYLWYDSAYYIWITKWAQQRYLTCWLY,KKKMWMFWIQLLSVQRVVQSVQVVLVLLLKWWIMDIAKMVVVCVLRVCRVRVSS,1
Mamu-B*08301,Mamu-B08301,LYSEVGFVMYEQTRNSKARAQTDVDLTLYITYRDAYYIWNTKWARQRYLRCSLY,KKKMWIFWILLLSVQRVVQSVLVVQVVVVKKWIIDIAKMVVVCVLSVCRVRVSS,1
BOLA-6*013:01,BOLA-601301,LYHTVGFVTYRETQISKENALWYEALNLYLEYEYGYYLWISKMARFRYLTCWLY,KKWMWIFWILVLRVLSVLVSVQVVQVLLLKWWIMDIAKMVVQCVVVVCHVRVSV,1
SLA-2*12:01,SLA-21201,LYYAVGFVMYRETRNVMGSAQTDVNLTLYFWYSFAYYIWISKWVHWRYLLCSLY,KKKMWIFWIQLLRVQVVVQRVQVVQVLLLKKWIIDIAKMVVVCVVSVCRVRVSV,1
HLA-B*39:136,HLA-B39136,MYYSVGFVEYRNTQICKTNTQTDESLNLYLRYNFAYYIWITKLAQLRYLTCWLY,KKWIWIFWIQLLSVLSVVQSVQVVQVLLLKWWIIDIAKMVVVCVLRVCRVRVSS,1
HLA-A*29:06,HLA-A2906,MYTAVGFVMYLQTRNVKAQSQTDANLTLYIMYRDAYYIWITKWVQLRYLTCWLY,KKKMWMFWIQLQSVQVVVVSVQVVQVVVLKWWIMDIAKMVVVCVVRVCRVRVSS,1
HLA-B*38:02:01:01,HLA-B38020101,MYYSVGFVEYRNTQICKTNTQTYENLTAYLRYNFAYYIWITKWVQLRYLTCWLY,KKWIWIFWIQLLRVQSVVVSVQVVQVLLLKWWIMDIAKMVVVCVLSCCRVRVSS,1
HLA-B*35:134,HLA-B35134,MYYAVGFVTYRNTQIFKTNTQTYESLNLYIRYDSAYYIWITKWVQLRYLLCWLY,KKWMWMFWIQLLSVQVVVVSVQVVQVLLLKWWIMDIAKMVVVCVLRVCRVRVSS,1
HLA-B*56:05:01,HLA-B560501,MYYAVGFVEYRNTQIYKAQAQTDESLNLYWTYNYAYYIWITKWEQLRYLLCWLH,KKWMWMFWILLLSVQSVVQSVQVVQVLLLKWWIIDIAKMVVVCVLSVCRVRVSS,1
HLA-A*30:01:01:01,HLA-A30010101,MYSAVGFVMYQETRNVKAQSQTDVDLTLYIIYEHAYYIWITKWWQLRYLTCWLY,KKKMWMFWIQLLSVQVVVQSVQVVQVVVLKWWIIDIAKMVVVCVVVVCRVRVSS,1
Patr-B01:01,Patr-B0101,MYYTVGFVMYRETRNMKASAQTDENLIAYWTYGYAYYIWITKWEQRRYLTCWLY,KKWMWMFWIQLQRVLVVVQSVQVLQVLLLKWWTIDIAKIVVVCVVRVCRVRVSS,1
BOLA-6*041:01,BOLA-604101,LYHTVGFVKYRETQISKENALWYEALTLYLEYEYGYYLWISKMARFRYLRCSLY,KKWMWMFWIQVLSVLSVLVRVLVLQVVLLKWWIMDIAKMVVQCVVRVCRVRVSS,1
Patr-B*23:02:01:01,Patr-B23020101,MYYSVGFVEYRETQISKTNTQTYENLIAYLTYRFAYYIWITKWWQLRYLLCWLY,KKWMWMFWIQLLSVQVVVVSVQVVQVLLLKKWIIDIAKMVVVCVVVVCRVRVSS,1
HLA-B*50:04:02,HLA-B500402,MYHTVGFVKYRETQISKTNTQTYESLNLYWRYNLAYYIWITKWEQLRYLLCWLY,KKKMWMFWIQLLSVLSVVQSVQVLQVLLLKWWIIDIAKMVVVCVVRVCRVRVSS,1
Mamu-B*01001,Mamu-B01001,MYTEVGFVMYEQTRNSKANAQTHVDLTAYLTYHYAYYIWNTKWEQRRYLRCWLY,KKKIWMFWIQLLRVLRVVQSVQVVQLLVLKWWIMDIAKMVVVCVVRVCRVRVSS,1
HLA-B*18:25,HLA-B1825,MYYSVGFVTYRNTQISKTNTQTYESLNLYLRYDSAYYIWITKWVQLRYLTCWLH,KKWIWMFWIQLLSVQSVVVSVQVVQVLLLKWWIMDIAKMVVVCVLSVCRVRVSS,1
HLA-B*15:211,HLA-B15211,MYYAVGFVMYRETQISKTNTQTYESLNLYLRYDSAYYIWITKWEQWRYLLCWLY,KKWMWMFWIQLLSVQSVVQSVQVVQVLLLKWWIMDIAKMVVVCVVSVCRVRVSS,1
HLA-B*38:01:01:01,HLA-B38010101,MYYSVGFVEYRNTQICKTNTQTYENLIAYLRYNFAYYIWITKWVQLRYLTCWLY,KKWIWIFWIQLLRVQVVVVSVQVVQVLLLKWWIMDIAKMVVVCVLSCCRVRVSS,1
HLA-B*46:01:01:01,HLA-B46010101,MYYAVGFVMYRETQKYKRQAQTDVSLNLYLRYDSAYYIWITKWEQWRYLLCWLY,KKWMWMFWIQLLSVQRVVQSVQVVQVLLLKWWIMDIAKMVVVCVVRCCRVRVSS,1
HLA-C*12:02,HLA-C1202,MYYAVGFVGYRETQKYKRQAQADVSLNLYLRYDSAYYIWITKWEQWRYLTCWLY,KKWMWMFWIQLLSVQSVVQSVQVVQVLLLKWWIIDIAKMVVVCVLRCCRVRVSS,1
HLA-B*27:02:01:01,HLA-B27020101,MYHTVGFVEYRETQICKAKAQTDENLIAYLNYHDAYYIWITKWVQLRYLECWLY,KKWMWMFWIQLLSVQSVVQSVQVVQVLLLKWWIIDIAKMVVVCVLRCCRVRVSS,1
BOLA-2*018:01,BOLA-201801,LYYAVGFTDYRNTRIYKDTAQIFANLTAYFEYMFAYYIWITKWERQRYLRCGLY,KKWMWIFWILVLSVLRVVVSVLQLQVVVLKKWIIDIAKMVVVCVVSVCRVRVSV,1
HLA-A*02:24:01,HLA-A022401,MYFAVGFVMYGETRKVKAHSQTHVDLTLYVRYHYAYYIWTTKWVQLRYLTCWLY,KKKMWMFWIQLLSVQVVVVSVQVVQVLVLKWWTMDIAKMVVVCVVVVCRVRVSS,1
HLA-B*15:186,HLA-B15186,MYYSVGFVEYRNTQICKTNTQTYESLNLYLRYDSAYYIWITKWVQLRYLTCWLY,KKWIWIFWIQLLSVQRVVVSVQVVQVLLLKWWIMDIAKMVVVCVLSCCRVRVSS,1
Mamu-B*06601,Mamu-B06601,MYSYVGFVMYEETRKAKARAQTDVDLTLYIIYRDAYYIWNTKWVQWRYLTCWLY,KKKIWMFWIQLLRVQSVVQSVQVVQVVVLKWWIMDIAKMVVVCVLRVCRVRVSS,1
HLA-B*27:01,HLA-B2701,MYHTVGFVEYRETQICKAKAQTYENLTAYLNYHDAYYIWITKWVQLRYLECWLY,KKWMWMFWIQLLSVQRVVQSVQVVQVLLLKWWIMDIAKMVVVCVLRCCRVRVSS,1
HLA-B*44:02:01:01,HLA-B44020101,MYYTVGFVKYRETQISKTNTQTYENLTAYIRYDDAYYIWITKWVQDRYLLCSLY,KKWMWMFWILLLRVLSVVVSVQVVQVLVLKWWIMDIAKMVVVCVLRVCRVRVSS,1
HLA-A*23:04,HLA-A2304,MYSAVGFVMYEETGKVKAHSQTDENLIAYLMFHYAYYIWITKWVQLRYLTCWLY,KKKMWMFWIQLLSVQVVVVSVQVLQVLLLKWWIMDIAKMVVPDVLRVCRVRVSS,1
HLA-B*44:13,HLA-B4413,MYYTVGFVKYRETQISKTNTQTYENLTAYIRYDDAYYIWITKWVQLRYLLCSLY,KKWMWMFWILLLRVLSVVVSVQVVQVLVLKWWIMDIAKMVVVCVLVVCRVRVSS,1
HLA-B*15:50,HLA-B1550,MYYAVGFVMYRETQISKTNTQTYESLNLYLRYDSAYYIWITKWEQWRYLTCWLY,KKWMWMFWIQLLSVQSVVQSVQVVQVLLLKWWIIDIAKMVVVCVVSVCRVRVSS,1
HLA-B*15:125:01,HLA-B1512501,MYYAVGFVMYRETQISKTNTQTYESLNLYLRYDSAYYIWITKWEQWRYLLCWLY,KKWMWMFWIQLLRVQSVVQSVQVVQVLLLKWWIIDIAKMVVVCVVSVCRVRVSS,1
HLA-B*15:302,HLA-B15302,MYYAVGFVMYRNTQISKTNTQTYESLNLYIRYDSAYYIWITKWEQLRYLLCWLY,KKWMWMFWILLLSVQSVVVSVQVVQVLLLKWWIMDIAKMVVVCVLRVCRVRVSS,1
HLA-B*48:05,HLA-B4805,MYYSVGFVEYRETQISKTNTQTYESLNLYLSYNYAYYIWITKWEQRRYLECWLY,KKWMWMFWIQLQSVQSVVQSVQVVQVLLLKWWIIDIAKMVVVCVLRVCRVRVSS,1
HLA-B*35:03:01:01,HLA-B35030101,MYYAVGFVTYRNTQIFKTNTQTYESLNLYIRYDFAYYIWITKWVQLRYLLCWLY,KKWMWMFWIQLLSVQVVVVSVQVVQVLLLKWWIMDIAKMVVVCVLRVCRVRVSS,1
HLA-B*40:03:01:01,HLA-B40030101,MYHTVGFVKYRETQISKTNTQTYESLNLYLSYDSAYYIWITKWVQLRYLECWLY,KKWMWMFWIQLLSVQSVVVSVQVVQVLLLKWWIMDIAKMVVVCVLRVCRVRVSS,1
SLA-1*15:02,SLA-11502,LYSAVGFVMYEETRKVKDNAQTYVNLTLYLSFRDAYYIWITKWAQMRYLLCSLY,KKKMWIFWILLLRLLVVVVNVLVLQVLVLKKWIMDIAKMVVVCVVRVCRVRVSV,1
HLA-B*58:02:01:02,HLA-B58020102,MYYAVGFVTYGETRNMKASAQTYENLIAYLWYDSAYYIWITKWVQLRYLLCWLY,KKWMWMFWIQLLRVQVVVQSVQVVQVLLLKWWIMDIAKMVVVCVVSCCRVRVSS,1
Patr-A04:01,Patr-A0401,MYSAVGFVMYEETRSVKASAQTDVDLTLYILFRDAYYIWITKWAQLRYLTCWLY,KKKMWMFWIQLLSVQVVVVSVQVVQVVVLKWWIMDIAKMVVVCVVRVCRVRVSS,1
HLA-A*36:03,HLA-A3603,MYFAVGFVMYQETRNMKAHSQTDANLTLYLMYRDAYYIWITKWAQRRYLTCWLY,KKKMWMFWIQLLSVQVVVVSVLVVQVVVLKWWIIDIAKMVVVCVVVVCRVRVSS,1
HLA-B*39:08,HLA-B3908,MYYSVGFVEYRETQISKTNTQTYESLNLYLRYNFAYYIWITKWVQRRYLTCWLY,KKWMWIFWIQLLSVLSVVVSVQVVQVLLLKWWIIDIAKMVVVCVLRVCRVRVSS,1
HLA-B*45:06,HLA-B4506,MYHTVGFVKYRETQIYKAQAQTDESLNLYWRYNLAYYIWITKWVQDRYLLCSLY,KKWMWMFWILVLSVLSVVQSVQVVQVLLLKWWIIDIAKMVVVCVLSVCRVRVSS,1
HLA-C*04:06:01,HLA-C040601,MYYAVGFVGYRETQKYKRQAQADVNLKLYLRFNFAYYIWITKWEQLRYLTCWLY,KKKMWMFWIQLLSVQRVVQSVLVLQVVLLKWWIIDIAKMVVVCVLRVCRVRVSS,1
HLA-B*15:53,HLA-B1553,MYYTVGFVKYRETQISKTNTQTYESLNLYLRYDSAYYIWITKWEQWRYLLCWLY,KKWMWMFWIQLLSVLSVVQSVQVVQVLLLKWWIMDIAKMVVVCVVRVCRVRVSS,1
HLA-B*35:432,HLA-B35432,MYYAVGFVTYRNTQIFKTNTQTYESLNLYIRYNLAYYIWITKWVQLRYLLCWLY,KKWMWMFWIQLLSVQVVVVSVQVVQVLLLKWWIMDIAKMVVVCVLRVCRVRVSS,1
HLA-A*01:25,HLA-A0125,MYFAVGFVMYQETRNMKAHSQTDANLTLYIIYRDAYYIWITKWAQQRYLRCGLY,KKWMWMFWIQLLSVLRVVVSVLVVQVVVLKWWIIDIAKMVVVCVVRVCRVRVSS,1
BOLA-2*057:01,BOLA-205701,LYYIVGFVMYRETRISKETAQTFVDLTLYIEYDFAYYLWITKWYSLRYLRCGLY,KKWIWIFWIQLQRVQRVVQSVQVVQVVVLKWWIMDIAKMVVVCVVRVCRVRVSS,1
SLA-1*07:02,SLA-10702,LYYAVGFVEYRNTQIYKETAQTYVNLTLYIIYRDAYYIWITKWVQLRYLRCGLY,KKKMWIFWILLQSVQSVVQRVQVVQVLVLKKWMMDIAKMVVVCVLRVCRVRVSV,1
HLA-B*56:01:01:01,HLA-B56010101,MYYAVGFVEYRNTQIYKAQAQTDESLNLYWTYNLAYYIWITKWVQLRYLLCWLY,KKWMWMFWILLLSVQSVVQSVQVVQVLLLKWWIIDIAKMVVVCVLSCCRVRVSS,1
HLA-C*04:01,HLA-C0401,MYSAVGFVGYRETQKYKRQAQADVNLKLYLRFNFAYYIWITKWEQRRYLTCWLY,KKKMWMFWIQLLSVQSVVQSVQVVQVVLLKWWIIDIAKMVVVCVLRVCRVRVSS,1
H-2-Db,H-2-Db,MYESVGFVYYRETQKAKGQEQWFVSLNLYLQSLFAYYIWITKWAHYKYLECWLY,KKKIWIFWIVVLRVLSVLVSVLVVQVLVLKWWTMDIAKMVVVCQLRVCHVRVSV,1
HLA-B*48:01:01:01,HLA-B48010101,MYYSVGFVEYRETQISKTNTQTYESLNLYLSYNYAYYIWISKLVQLRYLECWLY,KKWMWMFWIQLQSVQSVVVSVQVVQVLLLKWWIMDIAKMVVVCVLRVCRVRVSS,1
HLA-A*33:01,HLA-A3301,MYTAVGFVMYRNTRNVKAHSQIDVDLTLYIMYQDAYYIWITKWVQLRYLTCWLH,KKKMWMFWIQLQSVQVVVVSVQVVQVVVLKWWIMDIAKMVVVCVVRVCRVRVSS,1
HLA-A*74:01:01:01,HLA-A74010101,MYFAVGFVMYQETRNVKAHSQTDVDLTLYIMYQDAYYIWITKWVQLRYLTCWLY,KKKMWMFWIQLLSVQVVVVSVQVVQVVVLKWWIMDIAKMVVVCVVSVCHVRVSS,1
HLA-B*07:10:01,HLA-B071001,MYYSVGFVEYRNTQICKAQAQTDESLNLYLSYDYAYYIWITKWEQRRYLECWLY,KKWIWMFWIQLQSVQRVVQSVQVVQVLLLKWWTIDIAKMVVVCVLRVCRVRVSS,1
BOLA-3*050:01,BOLA-305001,MYSEVGFVMYRNTRNAKGNAQTFGSLNLYFLYTYGYYIWITKWESWRYLTCWLH,KKWIWMFWIQLQRVLSVVVSVLVLQVVVLKKWIIDIAKMVVVCVVRVCRVRVSS,1
HLA-A*33:03,HLA-A3303,MYTAVGFVMYRNTRNVKAHSQIDVDLTLYIMYQDAYYIWITKWVQLRYLTCWLY,KKKMWMFWIQLQSVQVVVVSVQVVQVVVLKWWIMDIAKMVVVCVVRVCRVRVSS,1
HLA-B*15:80,HLA-B1580,MYYSVGFVEYRNTQICKTNTQTYESLNLYIRYDSAYYIWITKWEQLRYLLCWLY,KKWIWMFWIQLLSVQSVVVSVQVVQVLLLKWWIMDIAKMVVVCVLRVCRVRVSS,1
HLA-B*15:135,HLA-B15135,MYYAVGFVMYRETQISKTNTQTYENLNLYLRYDSAYYIWITKWEQWRYLLCWLY,KKWMWMFWIQLLRVQSVVVSVQVVQVLLLKWWIMDIAKMVVVCVVSCCRVRVSS,1
HLA-B*40:05:01:01,HLA-B40050101,MYHTVGFVKYRETQISKTNTQTYESLNLYLSYNYAYYIWITKWEQLRYLLCWLY,KKKMWMFWIQLLSVLSVVVSVQVLQVLLLKKWIMDIAKMVVVCVVRVCRVRVSS,1
HLA-A*26:02,HLA-A2602,MYYAVGFVMYRNTRNVKAHSQTDANLTLYIRYQNAYYIWITKWEQWRYLRCWLY,KKKMWMFWIQLQSVQVVVVSVLVVQVVVLKWWTIDIAKMVVVCVVRVCHVRVSS,1
HLA-A*02:22:01:01,HLA-A02220101,MYFAVGFVMYGETRKVKAHSQTHVDLTLYVRYHYAYYIWTTKWVQWRYLTCWLY,KKKMWMFWIQLLSVQVVVVSVQVVQVLVLKWWIMDIAKMVVVCVVRVCHVRVSS,1
HLA-A*29:01:01:01,HLA-A29010101,MYTAVGFVMYLQTRNVKAQSQTDANLTLYIMYRDAYYIWITKWVQLRYLTCWLY,KKKMWMFWIQLLSVQVVVVSVQVVQVVVLKWWIMDIAKMVVVCVVVVCRVRVSS,1
HLA-C*08:04:01:01,HLA-C08040101,MYYAVGFVGYRETQKYKRQAQTDVSLNLYLRYNFAYYIWITKWEQLRYLTCWLY,KKWMWMFWIQLLSVQSVVQSVQVVQVLLLKKWIIDIAKMVVVCVLRVCRVRVSS,1
HLA-B*18:07:01,HLA-B180701,MYHSVGFVTYRNTQIFKTNTQTYESLNLYLRYDSAYYIWITKWVQLRYLTCWLH,KKWMWMFWILLLSVQVVVVSVQVVQVLLLKWWIMDIAKMVVVCVLSVCRVRVSS,1
Patr-A*06:01:01:01,Patr-A06010101,MYSAVGFVMYQETRSVKASAQTDANLTLYIIYRDAYYIWITKWAQWRYLTCGLY,KKKMWMFWIQLQSVLVVVVSVLVVQVVVLKWWIMDIAKMVVVCVVRVCRVRVSS,1
HLA-B*81:01:01:01,HLA-B81010101,MYYSVGFVEYRNTQIYKAQAQTDESLNLYLSYNYAYYIWISKLVQLRYLECWLY,KKWMWIFWIQLQSVQSVVQSVQVVQVLLLKWWIMDIAKMVVVCVLRVCRVRVSS,1
HLA-C*06:08,HLA-C0608,MYDSVGFVGYRETQKYKRQAQADVNLKLYLWYDSAYYIWITKWEQWRYLECWLY,KKKMWMFWIQLLSVQRVVQSVQVLQVVLLKWWIMDIAKMVVVCVVRCCRVRVSS,1
HLA-C*07:02,HLA-C0702,MYDSVGFVGYRETQKYKRQAQADVSLNLYLRSDSAYYIWITKLAQLRYLTCWLY,KKKMWMFWIQLLSVQRVVQSVQVVQVLLLKWWIMDIAKMVVVCVLRVCRVRVSS,1
BOLA-3*001:01,BOLA-300101,MYSEVGFVMYRETQRAKGNAQFFVSLNLYLWSMFGYYLWISKMEVQRYLRCWLY,KKKIWMFWILVLRVQSVLVSVQVVQVVVLKKWIIDIAKMVVVCVVRVCRVRVSS,1
HLA-B*40:120,HLA-B40120,MYHTVGFVKYRETQISKTNTQTYESLNLYIRYDYAYYIWITKWVQLRYLECWLY,KKWMWMFWIQLLSVQSVVVSVQVVQVLLLKWWIMDIAKMVVVCVLRVCRVRVSS,1
SLA-2*04:01,SLA-20401,LYDEVGFVMYRNTRNAMGNAQIYGNLTAYIIYSDAYYIWITKWERRRYLTCWLY,KKWMWIFWILLLRVLSVVVSVLVLQVVVLKWWIIDIAKMVVVCVVSVCRVRVSV,1
HLA-C*01:02:01:01,HLA-C01020101,MYFSVGFVGYRETQKYKRQAQTDVSLNLYLWCDYAYYIWITKWEQRRYLTCWLY,KKKMWIFWIQLLSVQRVVQSVQVVQVLLLKWWTIDIAKMVVVCVLRVCHVRVSS,1
HLA-B*35:05:01:01,HLA-B35050101,MYYAVGFVTYRNTQIFKTNTQTYESLNLYLSYDSAYYIWITKWVQLRYLLCWLY,KKWMWMFWIQLLSVQVVVVSVQVVQVLLLKWWIMDIAKMVVVCVLRVCRVRVSS,1
HLA-B*15:37,HLA-B1537,MYYSVGFVEYRNTQICKTNTQTYESLNLYLRYDYAYYIWITKWEQLRYLLCWLH,KKWIWIFWIQLLSVLSVVVSVQVVQVLLLKWWIMDIAKMVVVCVVRVCRVRVSS,1
Mamu-A2*01:02:01:01,Mamu-A201020101,MYYSVGFVEYEQTRRVKGHAQTFVSLNLYIRYESAYYIWNTKWVQHRYLECSLY,KKWMWMFWIQLLRVQVVVQSVQVVQVLVLKWWIMDIAKMVVVCVLRVCRVRVSS,1
HLA-C*07:13:01:01,HLA-C07130101,MYDSVGFVGYRETQKYKRQAQADVSLNLYLRSDFAYYIWITKLAQLRYLTCWLY,KKKMWMFWIQLLSVQRVVQSVQVVQVLLLKWWIIDIAKMVVVCVLRVCRVRVSS,1
HLA-A*02:402,HLA-A02402,MYFAVGFVMYGETRKVKAHSQTHVDLTLYVRYHYAYYIWTTKWEQWRYLTCWLY,KKKMWMFWIQLLSVQVVVVSVQVVQVLVLKWWTMDIAKMVVVCVVRVCHVRVSS,1
HLA-B*78:01:01:02,HLA-B78010102,MYYAVGFVTYRNTQIFKTNTQTDESLNLYWTYNYAYYIWITKWEQLRYLLCWLH,KKWMWMFWIQLLSVQVVVQSVQVVQVLLLKWWIIDIAKMVVVCVVSVCRVRVSS,1
HLA-B*37:01:01:01,HLA-B37010101,MYHSVGFVTYRETQISKTNTQTYEDLTLYIRSNFAYYIWITKWVQDRYLTCWLY,KKKMWMFWIQLLRVLSVVVSVQVVQVLVLKWWIMDIAKMVVVCVLSVCHVRVSS,1
HLA-B*15:07:01:01,HLA-B15070101,MYYAVGFVMYRETQISKTNTQTYESLNLYLSYDSAYYIWITKWEQWRYLLCWLY,KKWMWMFWIQLLRVQSVVVSVQVVQVLLLKWWIMDIAKMVVVCVVSVCRVRVSS,1
Mamu-B*00401,Mamu-B00401,MYSEVGFVMYEETRRAKGNAQTFVGLNLYYWYDFAYYIWNTKWEQQRYLTCWLY,KKKIWMFWIQLLRVQSVVVSVLVLQVVVLKWWTIDIAKMVVVCVVRVCRVRVSS,1
HLA-B*39:24:01:01,HLA-B39240101,MYYSVGFVEYRNTQICKTNTQTDESLNLYLSYNFAYYIWITKWVQLRYLTCWLY,KKWMWIFWIQLLSVQRVVVSVQVVQVLLLKWWIMDIAKMVVVCVLSCCRVRVSS,1
HLA-B*35:23,HLA-B3523,MYYAVGFVTYRNTQIFKTNTQTYESLNLYIRFDSAYYIWITKWVQLRYLLCWLY,KKWMWMFWILLLSVQVVVVSVQVVQVLLLKWWIMDIAKMVVVCVLRVCRVRVSS,1
HLA-B*08:03,HLA-B0803,MYDSVGFVEYRNTQIFKTNTQTYENLIAYLSYNYAYYIWITKWVQDRYLTCWLY,KKWMWMFWIQVQRVLVVVVSVQVVQVLLLKWWIMDIAKMVVVCVLSVCRVRVSS,1
Mamu-B*022:01:01:01,Mamu-B022010101,LYTEVGFVMYRNTRRAKANAQTDGNLTAYIWYHFAYYIWNTKWEQQRYLECWLH,KKKIWIFWILLLSVQSVVQRVLVLQVLVLKWWIMDIAKMVVVCVVRVCRVRVSV,1
SLA-304:01,SLA-30401,LYDEVGFVMYKETENAMGSAQTFVNLNLYLSYSDAYYIWITKRAQMRYLACWLY,KKKMWIFWILLLRVQRVVQRVLVLQVLLLKWWTMDIAKMVVVCVVRVCRVRVSV,1
Patr-A*11:01:01:01,Patr-A11010101,MYYAVGFVMYQETRNMKASAQTDANLTLYIIYRDAYYIWITKWAQRRYLTCGLY,KKWMWMFWIQLLSVLRVVQSVQVVQVVVLKWWIIDIAKMVVVCVLRVCRVRVSS,1
Patr-B13:01,Patr-B1301,MYYSVGFVEYRNTQIYKAQAQTDVSLNLYLSYEYAYYIWITKWVQRRYLTCWLY,KKWMWMFWIQLLSVLSVVQSVQVVQVLLLKWWIMDIAKMVVVCVLRVCRVRVSS,1
HLA-B*07:12,HLA-B0712,MYYSVGFVEYRNTQIYKAQAQTDESLNLYIRYDYAYYIWITKWEQRRYLECWLY,KKWMWIFWIQLQSVQSVVQSVQVVQVLLLKWWIMDIAKMVVVCVLRVCRVRVSS,1
HLA-C*15:02,HLA-C1502,MYYAVGFVGYRETQNYKRQAQTDVNLKLYIRYDLAYYIWITKWEQLRYLTCWLY,KKKMWMFWIQLLSVQRVVQSVQVLQVLLLKWWIIDIAKMVVVCVVRVCRVRVSS,1
HLA-B*48:03:01:01,HLA-B48030101,MYYSVGFVEYRETQISKTNTQTYESLNLYLRYNYAYYIWISKLVQLRYLECWLY,KKWIWMFWIQLQSVQSVVVSVQVVQVLLLKWWIMDIAKMVVVCVLRVCRVRVSS,1
HLA-B*39:06:01:01,HLA-B39060101,MYYSVGFVEYRNTQICKTNTQTDESLNLYWTYNFAYYIWITKWVQLRYLTCWLY,KKWIWIFWIQLLSVQSVVVSVQVVQVLLLKWWIIDIAKMVVVCVLSCCRVRVSS,1
HLA-A*74:11,HLA-A7411,MYFAVGFVMYQETRNVKAHSQTDVDLTLYIMYQDAYYIWITKWVQLRYLTCWLY,KKKMWMFWIQLLSVQVVVVSVQVVQVVVLKWWIMDIAKMVVVCVVSVCHVRVSS,1
Mamu-A1*01101,Mamu-A101101,MYHTVGFVKYRETRISKANTQTYENLTAYFTYDYAYYIWNTKWVQHRYLECWLY,KKWMWMFWIQLLSVQSVVVSVQVQQLLVLKWWIIDIAKMVVVCVLRVCRVRVSS,1
H-2-Kk,H-2-Kk,LYHSVGFVYYRNTQIAKGNEQIFVNLTAYFRYEYAYYIWITKWDRDRYLTCWLY,KKWIWIFWILVLSVLSVLVSVVVVVVLLLKWWTIDIAKMVQQCVVSVCRVRVSV,1
HLA-C*15:04:01:01,HLA-C15040101,MYYAVGFVGYRETQNYKRQAQTDVNLKLYIRYDSAYYIWITKWEQLRYLTCWLY,KKKMWMFWIQLLSVQRVVQSVQVVQVLLLKWWIMDIAKMVVVCVVRVCRVRVSS,1
HLA-C*03:81,HLA-C0381,MYYAVGFVGYRETQKYKRQAQTDVSLNLYIRYDYAYYIWITKWEQLRYLLCWLY,KKKMWMFWIQLLSVQRVVQSVQVVQVLLLKWWIMDIAKMVVVCVLRVCRVRVSS,1
HLA-A*02:05,HLA-A0205,MYYAVGFVMYGETRKVKAHSQTHVDLTLYLRYHYAYYIWTTKWVQWRYLTCWLY,KKWMWMFWIQLLSVQVVVVSVQVVQVVVLKWWIMDIAKMVVVCVVRVCHVRVSS,1
HLA-B*35:77,HLA-B3577,MYYAVGFVTYRNTQIFKTNTQTYESLNLYIRYDSAYYIWITKWVQLRYLLCWLY,KKWMWMFWIQLLSVQVVVVSVQVVQVLLLKWWIMDIAKMVVVCVLRVCRVRVSS,1
HLA-A*02:38,HLA-A0238,MYFAVGFVMYGETRKVKAHSQTHVDLTLYVRYHYAYYIWTTKWEQQRYLRCWLY,KKKMWMFWIQLLSVQVVVVSVQVVQVLVLKWWTMDIAKMVVVCVVRVCHVRVSS,1
HLA-C*05:01,HLA-C0501,MYYAVGFVGYRETQKYKRQAQTDVNLKLYLRYNFAYYIWITKWEQRRYLTCWLY,KKWMWMFWIQLLSVQRVVQSVQVVQVVLLKWWIIDIAKMVVVCVLRVCRVRVSS,1
HLA-B*15:20,HLA-B1520,MYYAVGFVMYRETQISKTNTQTYESLNLYIRYDSAYYIWITKWVQLRYLLCWLY,KKWMWMFWIQLLSVQSVVVSVQVVQVLLLKWWIMDIAKMVVVCVLRVCRVRVSS,1
HLA-E01:03,HLA-E0103,LYHSVGFVMYRETRSARDTAQIFVNLTLYLWHEFAYYLWISKSEHQRYLTCWLY,KKKMWIFWIQVQSVLRVVVSVLVVQVVVLKKWIIDIAKIVVVCVLVVCRVRVSV,1
H-2-Dk,H-2-Dk,LYESVGFVDYRETQIAKGNEQSFVDLTLYIRSEFAYYIWITKWARDRYLTCWLY,KKWIWIAAPQLQVVLSVVVVVLVLLVLVVKWFTMDIAKMVVVCVVSVCHVRVSV,1
HLA-B*15:396,HLA-B15396,MYYAVGFVMYRETRNMKASAQTYENLIAYLRYHDAYYIWITKWVQLRYLLCWLY,KKKMWMFWIQLLRVQVVVQVVQVVQVLLLKWWIMDIAKMVVVCVVRCCRVRVSS,1
HLA-A*26:15,HLA-A2615,MYYAVGFVMYRNTRNVKAHSQTDANLTLYIRYQDAYYIWITKWEQWRYLRCWLY,KKKMWMFWIQLQSVQVVVVSVLVVQVVVLKWWTIDIAKMVVVCVVRVCHVRVSS,1
Mamu-A1*008:01:01:01,Mamu-A1008010101,LYYSVGFVEYRNTRIYKAATQNYEGLNLYYTYDSAYYIWNTKWERFRYLECWLY,KKWMWIFWIQLQSVVVVVQSVQVVQVLLLKWWIMDIAKMVVVCVLRVCRVRVSS,1
HLA-B*51:29,HLA-B5129,MYYAVGFVTYRNTQIFKTNTQTYENLIAYWTYNYAYYIWITKWEQRRYLLCWLH,KKWIWMFWIQLVSVLVVVVSVQVLQVVVLKWWIIDIAKMVVVCVLRVCRVRVSS,1
HLA-A*02:04,HLA-A0204,MYFAVGFVMYGETRKVKAHSQTHVDLTLYVMYHYAYYIWTTKWVQLRYLTCWLY,KKWMWMFWIQLLSVQVVVVSVQVVQVLVLKWWIMDIAKMVVVCVVVVCRVRVSS,1
HLA-B*15:01:01:01,HLA-B15010101,MYYAVGFVMYRETQISKTNTQTYESLNLYLRYDSAYYIWITKWEQWRYLLCWLY,KKWMWMFWIQLLSVQSVVQSVQVVQVLLLKWWIIDIAKMVVVCVVRVCRVRVSS,1
HLA-B*35:06,HLA-B3506,MYYAVGFVTYRNTQIFKTNTQTYESLNLYIRYNFAYYIWITKWVQLRYLLCWLY,KKWMWMFWIQLLSVQVVVVSVQVVQVLLLKWWIMDIAKMVVVCVLRVCRVRVSS,1
HLA-C*03:02:01,HLA-C030201,MYYAVGFVGYRETQKYKRQAQTDVSLNLYLRYDSAYYIWITKWEQLRYLLCWLY,KKKMWMFWIQLLSVQRVVQSVQVVQVLLLKWWIMDIAKMVVVCVLRVCRVRVSS,1
H-2-Dd,H-2-Dd,LYVEVGFVYYRETRRAKGNEQSFVDLTAYLWAWFAYYIWITKWARDRYLECWLY,KKWIWIFWIVVLRVLSVLQSVLVVQVLVLKWWTMDIAKMVVVCVVSVCHVRVSV,1
HLA-B*15:09:01,HLA-B150901,MYYSVGFVEYRNTQICKTNTQTYESLNLYLRYNYAYYIWITKWEQLRYLLCWLY,KKWIWIFWIQLLSVQSVVVSVQVVQVLLLKWWIMDIAKMVVVCVLRVCRVRVSS,1
HLA-C*07:01,HLA-C0701,MYDSVGFVGYRETQNYKRQAQADVSLNLYLRYDSAYYIWITKLAQLRYLTCWLY,KKKMWMFWIQLLSVQRVVQSVQVVQVLLLKWWIMDIAKMVVVCVLRVCRVRVSS,1
HLA-B*39:09:01:01,HLA-B39090101,MYYSVGFVEYRNTQICKTNTQTDESLNLYLRSNFAYYIWITKWVQLRYLTCWLY,KKWIWIFWIQLLSVQRVVQSVQVVQVLLLKWWIIDIAKMVVVCVLSCCHVRVSS,1
HLA-C*06:17,HLA-C0617,MYDSVGFVGYRETQKYKRQAQADVNLKLYLWYDSAYYIWITKWEQWRYLTCWLY,KKKMWMFWIQLLSVQRVVQSVQVLQVVLLKWWIMDIAKMVVVCVVRCCRVRVSS,1
HLA-B*07:02:01:01,HLA-B07020101,MYYSVGFVEYRNTQIYKAQAQTDESLNLYLSYDYAYYIWITKWEQRRYLECWLY,KKWMWIFWIQLQSVQSVVQSVQVVQVLLLKWWIIDIAKMVVVCVLRVCRVRVSS,1
HLA-A*02:20,HLA-A0220,MYFAVGSVMYGETRKVKAHSQTHVDLTLYVRYHYAYYIWTTKWVQLRYLTCWLY,KKKMWIFWIQLLSVQVVVVSVQVVQVLVLKWWTMDIAKMVVVCVVVVCRVRVSS,1
HLA-A*24:31,HLA-A2431,MYSAVGFVMYEQTGKVKAHSQTDENLIAYLMFHYAYYIWITKWVQQRYLTCGLY,KKKMWMFWIQLLSVQVVVVSVQVVQVLLLKWWIMDIAKMVVVCVVRVCHVRVSS,1
HLA-A*68:06,HLA-A6806,MYYAVGFVMYRNTRNVKAQSQTDVDLTLYIMYEHAYYIWTTKWVQWRYLTCWLY,KKKMWMFWIQLQSVQVVVQSVQVVQVVVLKWWIMDIAKMVVVCVVRVCRVRVSS,1
HLA-B*51:08:01:01,HLA-B51080101,MYYAVGFVTYRNTQIFKTNTQTYENLIAYWTYNYAYYIWITKWVQDRYLLCWLH,KKWIWMFWIQLVSVLVVVVSVQVVQVVVLKWWIIDIAKMVVVCVLRVCRVRVSS,1
HLA-B*35:04:01:01,HLA-B35040101,MYYAVGFVTYRNTQIFKTNTQTYESLNLYIRYNYAYYIWITKWVQLRYLLCWLY,KKWMWMFWIQLLSVQVVVVSVQVVQVLLLKWWIMDIAKMVVVCVLRVCRVRVSS,1
HLA-B*15:42,HLA-B1542,MYYAVGFVMYRETQISKTNTQTYESLNLYWTYNLAYYIWITKWEQLRYLTCWLY,KKKMWMFWIQLLSVLSVVQSVQVLQVLLLKWWIIDIAKMVVVCVVSVCRVRVSS,1
HLA-B*35:08:01:01,HLA-B35080101,MYYAVGFVTYRNTQIFKTNTQTYESLNLYIRYDSAYYIWITKWVQRRYLLCWLY,KKWMWMFWIQLLSVLVVVVSVQVVQVLLLKWWTMDIAKMVVVCVLRVCRVRVSS,1
HLA-B*41:06,HLA-B4106,MYHTVGFVKYRETQISKTNTQTYESLNLYWRYNYAYYIWITKWVQDRYLTCWLY,KKKMWMFWIQLLSVLSVVQSVQVQQVLLLKWWIIDIAKMVVVCVLSVCRVRVSS,1
HLA-C*14:03:01:01,HLA-C14030101,MYSAVGFVGYRETQKYKRQAQTDVSLNLYLWFDSAYYIWITKWEQRRYLTCWLY,KKKMWMFWIQLLSVQRVVQSVQVVQVLLLKWWTMDIAKMVVVCVLVVCRVRVSS,1
HLA-A*31:02:01,HLA-A310201,MYTAVGFVMYQETRKVKAHSQIDVDLTLYIMYQDAYYIWITKWVQLRYLTCWLY,KKKMWMFWIQLLSVQVVVVSVQVVQVVVLKWWIMDIAKMVVVCVVRVCRVRVSS,1
HLA-A*32:15,HLA-A3215,MYFAVGFVMYRNTRNVKAHSQTDESLIAYIMYQDAYYIWITKWVQLRYLTCWLY,KKKMWMFWIQLQSVQVVVVSVQVVQVLVLKWWIMDIAKMVVVCVVSVCRVRVSS,1
BoLA-4:02401,BoLA-402401,LYYSVGFVTYRETRNFKETAQTFVNLTLYILYTFGYYLWITKWDSLRYLECWLY,KKWMWIAAPQLQVVQRVVQSVQVLQVLVLKKWMIDIAKMVLVCVLRVCRVRVSS,1
HLA-B*55:02:01:01,HLA-B55020101,MYYAVGFVEYRNTQIYKAQAQTDESLNLYWTYNLAYYIWITKWVQLRYLTCWLY,KKWMWMFWIQLLSVQSVVQSVQVVQVLLLKWWIIDIAKMVVVCVLSVCRVRVSS,1
HLA-C*07:10,HLA-C0710,MYDSVGFVGYRETQKYKRQAQADVSLNLYIRSDSAYYIWITKLAQLRYLTCWLY,KKKMWMFWIQLLSVQRVVQSVQVVQVLLLKWWIMDIAKMVVVCVLRVCRVRVSS,1
HLA-C*05:35,HLA-C0535,MYYAVGFVGYRETQKYKRQAQTDVNLKLYLRYNFAYYIWITKWEQRRYLTCWLY,KKWMWMFWIQLLSVQRVVQSVQVVQVVLLKWWIIDIAKMVVVCVLRVCRVRVSS,1
HLA-B*44:08,HLA-B4408,MYYTVGFVMYRETQISKTNTQTYENLTAYIRYDDAYYIWITKWVQDRYLLCSLY,KKWMWMFWIQVLSVLSVVVSVQVVQVLVLKWWIMDIAKMVVVCVLRVCRVRVSS,1
DLA-8850801,DLA-8850801,MYYAVGFVGYRETQNYKRQAQTDVNLKLYIRYDLAYYIWITKWEQRRYLTCWLY,KKKMWMFWIQLLSVLRVVQSVQVLQVLLLKWWTIDIAKMVVVCVVRVCRVRVSS,1
Patr-B*03:02:01:01,Patr-B03020101,MYDTVGFVMYRETRNVKASAQTDENLIAYWTFYYAYYIWITKWAQLRYLTCWLY,KKKMWMFWIQLQRVQVVVVSVQQLQLVVLKWWTIDIAKMVVVCVVRVCHVRVSS,1
HLA-A*66:01,HLA-A6601,MYYAVGFVMYRNTRNVKAQSQTDVDLTLYIRYQDAYYIWITKWEQWRYLRCWLY,KKKMWMFWIQLQSVQVVVVSVLVVQVVVLKWWTIDIAKMVVVCVVRVCHVRVSS,1
HLA-B*07:05:01:01,HLA-B07050101,MYYSVGFVEYRNTQIYKAQAQTDESLNLYLSYNYAYYIWITKWEQRRYLECWLY,KKWMWIFWIQLQSVQSVVQSVQVVQVLLLKWWIIDIAKMVVVCVLRVCRVRVSS,1
HLA-A*02:27,HLA-A0227,MYFAVGFVMYGETRKVKAHSQTHVDLTLYVRYHYAYYIWTTKWAQQRYLTCWLY,KKKMWMFWIQLLSVQVVVVSVQVVQVLVLKWWTMDIAKMVVVCVLRVCHVRVSS,1
HLA-C*02:10,HLA-C0210,MYYAVGFVGYRETQKYKRQAQTDVNLKLYLRYDSAYYIWITKWEQWRYLECWLY,KKKMWMFWIQLLSVQRVVQSVQVVQVVLLKWWIIDIAKMVVVCVVRVCRVRVSS,1
HLA-A*11:02,HLA-A1102,MYYAVGFVMYQETRNVKAQSQTDVDLTLYIIYRDAYYIWITKWAQQRYLRCWLY,KKKMWMFWIQLLSVQVVVQSVLVVQVVVLKWWIIDIAKMVVVCVLRVCRVRVSS,1
HLA-B*44:06,HLA-B4406,MYYAVGFVTYRNTQIFKTNTQTYENLIAYIRYDDAYYIWITKWVQDRYLLCSLY,KKWMWMFWIQVLSVLVVVVSVQVVQVLLLKWWTMDIAKMVVVCVLRVCRVRVSS,1
HLA-B*18:05:01:02,HLA-B18050102,MYHSVGFVTYRNTQISKTNTQTYESLNLYLRYDSAYYIWITKWVQLRYLTCWLH,KKKIWMFWIQLLSVQSVVVSVQVVQVLLLKWWIMDIAKMVVVCVLSVCRVRVSS,1
HLA-B*47:01:01:02,HLA-B47010102,MYYTVGFVKYRETQISKTNTQTYEDLTLYLRFHDAYYIWITKWVQLRYLECWLY,KKWMWMFWIQLLSVVSVVVSVQVVQVLVLKWWIMDIAKMVVVCVLRVCRVRVSS,1
BOLA-6*014:02,BOLA-601402,LYHTVGFVKYRETQISKENALKYEALILYYRYTFGYYIWITKWERFRYVRCWLY,KKWMWIAAPVVVVVLSVVVRVLVVVVVVLKKWMIDIAKMVLVCVVVVCHQRVSS,1
HLA-C*08:02:01:01,HLA-C08020101,MYYAVGFVGYRETQKYKRQAQTDVSLNLYLRYNFAYYIWITKWEQRRYLTCWLY,KKWMWMFWIQLLSVQRVVQSVQVVQVLLLKWWIIDIAKMVVVCVLRVCRVRVSS,1
HLA-A*02:07,HLA-A0207,MYFAVGFVMYGETRKVKAHSQTHVDLTLYVRCHYAYYIWTTKWVQLRYLTCWLY,KKKMWMFWIQQLSVQVVVVSVQVVQVLVLKWWTMDIAKMVVVCVVSVCHVRVSS,1
HLA-B*15:08:01:01,HLA-B15080101,MYYAVGFVMYRNTQIFKTNTQTYESLNLYLRYDSAYYIWITKWEQWRYLLCWLY,KKWMWIFWILLLSVLVVVQSVQVVQVLLLKWWIIDIAKMVVVCVVRVCRVRVSS,1
DLA-8803401,DLA-8803401,MYHEVGFVMYEETQRAKDLVQNFRNLILYFLYWYAYYIWVTKWARFKYLTCWLY,KKWMWMFWIQVQRVLVVVVSVQVQLLVVLKWWIIDIAKIVVVCVVVVCRVRVSS,1
HLA-B*39:01:01:01,HLA-B39010101,MYYSVGFVEYRNTQICKTNTQTDESLNLYLRYNFAYYIWITKWVQLRYLTCWLY,KKWIWIFWIQLLSVQRVVVSVQVVQVLLLKWWIIDIAKMVVVCVLSCCRVRVSS,1
BOLA-1*023:01,BOLA-102301,LYYSVGFVEYRETRISKENTLVYESLNLYIAYSDAYYIWITKWYSLRYLRCWLY,KKWMWIFWIQLQRVVSVVQSVQVVQVLLLKWWIMDIAKMVVVCVVRVCRVRVSS,1
HLA-B*35:11:01,HLA-B351101,MYYAVGFVTYRNTQIFKTNTQTYESLNLYIRYDSAYYIWITKWEQLRYLLCWLY,KKWMWMFWIQLLSVQVVVVSVQVVQVLLLKWWIMDIAKMVVVCVLRVCRVRVSS,1
BOLA-2*025:01,BOLA-202501,LYSAVGFTEYRNTRIYKDTAQTFVYLALYLWSWFGYYIWITKWAGERYVRCGLY,KKKMWIFWIVVQSVLRVVQSVLVLVVVLLKWWIIDIAKMVVQCVLRVCHVRVSV,1
HLA-A*03:01:01:02,HLA-A03010102,MYFAVGFVMYQETRNVKAQSQTDVDLTLYIIYRDAYYIWITKWEQLRYLTCWLY,KKKMWMFWIQLLSVQVVVVSVQVVQVVVLKWWIMDIAKMVVVCVVVVCHVRVSS,1
Mamu-B*08701,Mamu-B08701,MYSAVGFVMYEETRKAKGHAQTDENLTLYLRSYRAYYIWNTKWAQRRYLRCWLY,KKKMWMFWIQLLRVQSVVQSVQVVQVVVVKWWTMDIAKMVVVCVLRVCHVRVSS,1
HLA-A*02:09:01:01,HLA-A02090101,MYFAVGFVMYGETRKVKAHSQTHVDLTLYVRYHYAYYIWTTKWVQLRYLTCWLY,KKKMWMFWIQLLSVQVVVVSVQVVQVLVLKWWTMDIAKMVVVCVVVVCRVRVSS,1
HLA-B*40:104,HLA-B40104,MYHTVGFVKYRETQISKTNTQTYESLNLYLSYNYAYYIWITKWVQLRYLECWLY,KKKMWMFWIQLLSVQSVVVSVQVVQVLLLKWWIMDIAKMVVVCVLRVCRVRVSS,1
HLA-B*44:05:01:01,HLA-B44050101,MYYTVGFVKYRETQISKTNTQTYENLTAYIRYDYAYYIWITKWVQDRYLLCSLY,KKWMWMFWIQLLRVLSVVVSVQVVQVLVLKWWIMDIAKMVVVCVLRVCRVRVSS,1
HLA-A*24:10:01:01,HLA-A24100101,MYSAVGFVMYEETGKVKAHSQTDENLIAYLMFHYAYYIWITKWVQQRYLRCWLY,KKKMWMFWIQLLSVQVVVVSVQVVQVLLLKWWIMDIAKMVVVCVVRVCHVRVSS,1
HLA-C*15:06:01:01,HLA-C15060101,MYYAVGFVGYRETQNYKRQAQTDVNLKLYIRYDYAYYIWITKWEQLRYLTCWLY,KKKMWMFWIQLLSVQRVVQSVQVVQVLLLKWWIMDIAKMVVVCVVRVCRVRVSS,1
HLA-B*40:06:01:01,HLA-B40060101,MYHTVGFVKYRETQISKTNTQTYESLNLYWTYNYAYYIWITKWVQLRYLECWLY,KKWMWMFWIQLLSVQSVVVSVQVVQVLLLKWWIIDIAKMVVVCVLSVCRVRVSS,1
HLA-C*07:22,HLA-C0722,MYDSVGFVGYRETQNYKRQAQADVSLNLYLRYDSAYYIWITKLAQWRYLTCWLY,KKKMWMFWIQLLSVQRVVQSVLVVQVLLLKWWIMDIAKMVVVCVVRCCRVRVSS,1
HLA-A*26:03:01:01,HLA-A26030101,MYYAVGFVMYRNTRNVKAHSQTHVDLTLYIRYQDAYYIWITKWEQWRYLRCWLY,KKWMWMFWIQLQSVQVVVVSVLVVQVLVLKWWTMDIAKMVVVCVVRVCHVRVSS,1
HLA-B*27:20,HLA-B2720,MYHTVGFVEYRETQICKAKAQTDESLTLYLNYNYAYYIWITKWEQLRYLECWLY,KKWMWMFWIQLLSVQRVVQSVQVVQVLVLKWWIMDIAKMVVVCVLRVCRVRVSS,1
HLA-C*15:05,HLA-C1505,MYYAVGFVGYRETQNYKRQAQTDVNLKLYIRYDFAYYIWITKWEQLRYLTCWLY,KKKMWMFWIQLLSVQRVVQSVQVVQVLLLKWWIMDIAKMVVVCVVRVCRVRVSS,1
HLA-B*15:10:01:01,HLA-B15100101,MYYSVGFVEYRNTQICKTNTQTYESLNLYLRYDYAYYIWITKWEQLRYLLCWLY,KKWIWMFWIQLLSVQSVVVSVQVVQVLLLKWWIMDIAKMVVVCVVRVCRVRVSS,1
HLA-A*24:07:01:01,HLA-A24070101,MYSAVGFVMYEETGKVKAQSQTDENLIAYLMFHYAYYIWITKWVQQRYLTCGLY,KKKMWMFWIQLLSVQVVVQSVQVVQVLLLKWWIMDIAKMVVVCVVRVCHVRVSS,1
HLA-A*03:25,HLA-A0325,MYFAVGFVMYQETRNVKAQSQTDVDLTLYIIYRDAYYIWITKWEQLRYLTCWLY,KKKMWMFWIQLLSVQVVVVSVQVVQVVVLKWWIMDIAKMVVVCVVVVCHVRVSS,1
Patr-B*23:01:02:01,Patr-B23010201,MYYSVGFVEYRETQISKTNTQTYENLIAYLTYRFAYYIWITKWWQWRYLTCWLY,KKWMWMFWIQLLSVQVVVVSVQVVQVLLLKWWIIDIAKMVVVCVVRVCRVRVSS,1
HLA-C*08:01:01:01,HLA-C08010101,MYYAVGFVGYRETQKYKRQAQTDVSLNLYLRYNFAYYIWITKWTQLRYLTCWLY,KKWMWMFWIQVLSVLSVVQSVQVVQVLLLKKWIIDIAKMVVVCVLVCCRVRVSS,1
HLA-B*35:09:01:01,HLA-B35090101,MYYAVGFVTYRNTQIFKTNTQTYESLNLYIRYNYAYYIWITKWVQLRYLLCWLY,KKWMWMFWIQLLSVQVVVVSVQVVQVLLLKWWIMDIAKMVVVCVLRVCRVRVSS,1
HLA-B*57:04:01,HLA-B570401,MYYAVGFVMYGETRNMKASAQTYENLIAYIVYDDAYYIWITKWVQRRYLLCWLY,KKKMWMFWIQLLRVLVVVQNVQVVQVLLLKWWTMDIAKMVVVCVVRCCRVRVSS,1
HLA-A*02:13,HLA-A0213,MYFAVGFVMYGETRKVKAHSQTHVDLTLYVRYHYAYYIWTTKWEQQRYLTCWLY,KKKMWMFWIQLLSVQVVVVSVQVVQVLVLKWWTMDIAKMVVVCVVRVCHVRVSS,1
HLA-B*44:28:01,HLA-B442801,MYYTVGFVKYRETQISKTNTQTYENLTAYIRYDDAYYIWITKWVQRRYLLCSLY,KKWMWMFWILLLRVLSVVVSVQVVQVLVLKWWIMDIAKMVVVCVLSVCRVRVSS,1
HLA-B*44:09,HLA-B4409,MYYTVGFVKYRETQISKTNTQTYESLNLYIRYDDAYYIWITKWVQDRYLLCSLY,KKWMWMFWIQLLSVLSVVQSVQVVQVLLLKWWTMDIAKMVVVCVLRVCRVRVSS,1
BOLA-2*046:01,BOLA-204601,MYSEVGFVMYRETQRAKGNAQTFVNLTLYIWYRDAYYIWITKWERQRYLTCWLY,KKKIWMFWIQLLRVLSVVVSVQVLQVLVLKWWIMDIAKMVVVCVVSVCRVRVSS,1
HLA-C*07:46,HLA-C0746,MYDSVGFVEYRETQKYKRQAQADVSLNLYLRSDSAYYIWITKLAQLRYLTCWLY,KKKMWMFWIQLLSVQRVVQSVQVVQVLLLKWWIMDIAKMVVVCVLRVCHVRVSS,1
HLA-B*55:01:01:01,HLA-B55010101,MYYAVGFVEYRNTQIYKAQAQTDESLNLYWTYNLAYYIWITKWEQLRYLTCWLY,KKWMWMFWIQLLSVQSVVQSVQVVQVLLLKWWIIDIAKMVVVCVLSVCRVRVSS,1
HLA-B*14:03,HLA-B1403,MYYSVGFVEYRNTQICKTNTQTDESLNLYLWYNFAYYIWITKWEQRRYLTCWLH,KKKMWIFWIQLLSVLSVVQSVQVVQVLLLKWWIIDIAKMVVVCVLRVCRVRVSS,1
HLA-A*26:08:01:02,HLA-A26080102,MYYAVGFVMYRNTRNVKAHSQTDANLTLYIRYQDAYYIWITKWEQQRYLRCWLY,KKKMWMFWIQLQSVQVVVVSVLVVQVVVLKWWIIDIAKMVVVCVVRVCRVRVSS,1
HLA-B*78:02:02,HLA-B780202,MYYAVGFVTYRNTQIFKTNTQTYESLNLYWTYNYAYYIWITKWEQLRYLLCWLH,KKWMWMFWIQLLSVLVVVQSVQVLQVVLLKWWIIDIAKMVVVCVVSVCRVRVSS,1
HLA-C*07:276,HLA-C07276,MYDSVGFVGYRETQNYKRQAQADVSLNLYLRYDSAYYIWITKLAQLRYLTCWLY,KKWMWMFWIQLLSVQRVVQSVQVVQVLLLKWWIMDIAKMVVVCVLRVCRVRVSS,1
BOLA-2*022:01,BOLA-202201,LYHSVGFVEYEQTRIVKDTAQSFVGLTLYLLYEDAYYIWITKRARLRYLTCGLY,KKKMWIFWIVLQRVLVVVQSVLVLQVLVLKWWIIDIAKMVVVCVVRVCRVRVSS,1
HLA-A*68:05,HLA-A6805,MYYAVGFVMYRNTRNVKAHSQTHVDLTLYIMYRDAYYIWTTKWVQWRYLTCWLY,KKKMWMFWIQLQSVQVVVVSVLVVQVLVLKWWIMDIAKMVVVCVVRVCRVRVSS,1
HLA-A*02:30:01,HLA-A023001,MYFAVGFVMYGETRKVKAHSQTHVDLTLYVRYHYAYYIWTTKWVQLRYLTCWLY,KKKMWIFWIQLLSVQVVVVSVQVVQVLVLKWWTMDIAKMVVVCVVVVCRVRVSS,1
HLA-C*16:04,HLA-C1604,MYYAVGFVGYRETQKYKRQAQTDVSLNLYLWYDSAYYIWITKWAQWRYLTCWLY,KKKMWMFWIQVLSVQRVVQSVQVVLVLLLKWWIMDIAKMVVVCVLRCCRVRVSS,1
Patr-B*03:01,Patr-B0301,MYDTVGFVMYRETRNVKASAQTDENLIAYWTFYYAYYIWITKWAQLRYLTCWLY,KKKMWMFWIQLQRVQVVVVSVQQLQLVVLKWWTIDIAKMVVVCVVRVCHVRVSS,1
Patr-B*17:01,Patr-B1701,MYYSVGFVVYRETQIFKTNTQTDVSLNLYLTYYYAYYLWISKFAQLRYLTCWLY,KKWMWMAWIQVQSVQVVVVSVQVVQVLLLKWWIMDIAKIVLVCVLRVCRVRVSS,1
SLA-1*13:01,SLA-11301,LYYAVGFVMYEETRKVKDNAQTYVGLTLYLSFRDAYYIWITKWVRRRYLLCSLY,KKKMWIFWIQVLRLLVVVVRVLVVQLLVVKKWMMDIAKMVVVCVVVVCRVRVSS,1
HLA-A*74:09,HLA-A7409,MYFAVGFVMYQETRNVKAHSQTDVDLTLYIMYQDAYYIWITKWVQLRYLTCWLY,KKKMWMFWIQLLSVQVVVVSVQVVQVVVLKWWIMDIAKMVVVCVVSVCHVRVSS,1
HLA-B*39:10:01,HLA-B391001,MYYSVGFVEYRNTQIYKTNTQTDESLNLYLRYNFAYYIWITKWVQLRYLTCWLY,KKWMWIFWIQLLSVQVVVQSVQVVQVLLLKWWIIDIAKMVVVCVLSCCRVRVSS,1
HLA-B*51:05:01:01,HLA-B51050101,MYYAVGFVTYRNTQIFKTNTQTYENLIAYWTYNYAYYIWITKWVQRRYLLCWLY,KKWMWMFWIQVLSVLVVVVSVQLVQVVLLKWWIIDIAKMVVVCVLRVCRVRVSS,1
HLA-B*39:02:01:01,HLA-B39020101,MYYSVGFVEYRETQISKTNTQTDESLNLYLRYNFAYYIWITKWVQLRYLTCWLY,KKWMWIFWIQLLSVQSVVQSVQVVQVLLLKWWIIDIAKMVVVCVLSCCRVRVSS,1
HLA-B*58:06,HLA-B5806,MYYAVGFVTYGETRNMKASAQTYENLIAYLWYDSAYYIWITKWEQLRYLLCWLY,KKWMWMFWIQLLRVQVVVQSVQVVQVLLLKWWIMDIAKMVVVCVVSVCRVRVSS,1
HLA-B*57:01:01:01,HLA-B57010101,MYYAVGFVMYGETRNMKASAQTYENLIAYIVYDSAYYIWITKWVQLRYLLCWLY,KKWMWMFWIQLLRVQVVVQSVQVVQVLLLKWWIMDIAKMVVVCVVSCCRVRVSS,1
HLA-G*01:03:01:01,HLA-G01030101,MYSAMGFVMYEETRNTKAHAQTDMNLTLYLWIEYAYYLWISKCVQRRYLTCWLY,KKKMWMFWIQLQRLLVVVQSVQVVQVVLLKKWIIDIAKIVVVCVLSVCHVRVSS,1
HLA-C*04:09,HLA-C0409,MYSAVGFVGYRETQKYKRQAQADVNLKLYLRFNFAYYIWITKWEQRRYLTCWLY,KKKMWMFWIQLLSVQSVVQSVQVVQVVLLKWWIIDIAKMVVVCVLRVCRVRVSS,1
HLA-A*80:01:01:01,HLA-A80010101,MYFAVGFVMYEETRNVKAHSQTNANLTLYIIYRDAYYIWITKWRQLRYLECGLY,KKWMWMFWIQLLSVQVVVVSVQVVQVVVLKWWIMDIAKMVVVCVVVVCRVRVSS,1
HLA-B*51:09:01,HLA-B510901,MYYAVGFVTYRNTQIFKTNTQTYENLIAYWTYNYAYYIWITKWVQLRYLLCWLH,KKWIWMFWIQLVSVLVVVVSVQVVQVVVLKWWIIDIAKMVVVCVLRVCRVRVSS,1
HLA-C*07:17:01:01,HLA-C07170101,MYDSVGFVGYRETQKYKRQAQADVSLNLYLRSDSAYYIWITKWAQLRYLTCWLY,KKKMWMFWIQLLSVQRVVQSVLVVQVLLLKWWIMDIAKMVVVCVLRVCHVRVSS,1
Patr-B*04:01,Patr-B0401,MYYTVGFVKYRETQISKTNAQTYVGLNLYWTFRYAYYIWITKWVQLRYLTCWLY,KKWMWIFWIQLLSVQRVVVSVQVVQVLVLKWWIIDIAKMVVVCVVSVCRVRVSS,1
HLA-A*01:01:01:01,HLA-A01010101,MYFAVGFVMYQETRNMKAHSQTDANLTLYIIYRDAYYIWITKWAQRRYLRCGLY,KKWMWMFWIQLLSVLRVVVSVLVVQVVVLKWWIIDIAKMVVVCVVVVCRVRVSS,1
Mamu-A1*001:01:01:01,Mamu-A1001010101,MYYAVGFVMYRETRNMKTETQNAVNLTLYLRVEYAYYIWNTKWVSMRYLQCWLY,KKWMWIFWIQLLSVLVVVVSVQRVQVLVLKWWTMDIAKMVVVCVVSVCHVRVSS,1
HLA-A*26:14,HLA-A2614,MYYAVGFVMYRNTRNVKAHSQTDANLTLYIRYQDAYYIWITKWEQWRYLRCWLY,KKKMWMFWIQLQSVQVVVVSVLVVQVVVLKWWTIDIAKMVVVCVVRVCHVRVSS,1
HLA-A*02:17,HLA-A0217,MYYAVGFVMYGETRKVKAHSQTHVDLTLYVRYHYAYYIWTTKWVQLRYLTCWLY,KKWMWMFWIQLLSVQVVVVSVQVVQVLVLKWWTMDIAKMVVVCVVVVCRVRVSS,1
HLA-C*07:185,HLA-C07185,MYDSVGFVGYRETQKYKRQAQADVSLNLYLRSDSAYYIWITKLAQLRYLTCWLY,KKKMWMFWIQLLSVQRVVQSVQVVQVLLLKWWIMDIAKMVVVCVLRVCHVRVSS,1
HLA-A*02:06,HLA-A0206,MYYAVGFVMYGETRKVKAHSQTHVDLTLYVRYHYAYYIWTTKWVQLRYLTCWLY,KKWMWMFWIQLLSVQVVVVSVQVVQVLVLKWWTMDIAKMVVVCVVVVCRVRVSS,1
HLA-B*51:21,HLA-B5121,MYYAVGFVTYRNTQIFKTNTQTYENLIAYWTYNYAYYIWITKWEQLRYLTCWLH,KKWMWMFWIQLVSVLVVVVSVQVQQVVVLKWWIIDIAKMVVVCVVRVCRVRVSS,1
HLA-A*68:02:01:01,HLA-A68020101,MYYAVGFVMYRNTRNVKAQSQTDVDLTLYIRYHYAYYIWTTKWVQWRYLTCWLY,KKKMWMFWIQLQSVQVVVVSVQVVQVVVLKWWTMDIAKMVVVCVVRVCHVRVSS,1
HLA-C*03:13:01:02,HLA-C03130102,MYYAVGFVGYRETQKYKRQAQTDVSLNLYLRYDYAYYIWITKWEQLRYLLCWLY,KKKMWMFWIQLLSVQRVVQSVQVVQVLLLKWWIMDIAKMVVVCVLRVCRVRVSS,1
H-2-Kd,H-2-Kd,LYVAVGFVFYEQTQRAKSDEQWFVSLTAYFRFQFAYYIWITKWDYYRYLECWLY,KKKIWIFWIVVLRVLSVLVSVLVLQVLLLKWWTMDIAKMVVVCVVRVCRVRVSV,1
HLA-A*23:01,HLA-A2301,MYSAVGFVMYEETGKVKAHSQTDENLIAYLMFHYAYYIWITKWVQLRYLTCGLY,KKKMWMFWIQLLSVQVVVVSVQVVQVLVLKWWIMDIAKMVVVCVVRVCHVRVSS,1
BOLA-2*045:01,BOLA-204501,LYYAVGFVTYRETRNLKDTAQTFVDLTLYIEYRDAYYLWITKWERFRYVLCGLY,KKKMWIFWIQLQSVLVVVQSVQVVQVLVLKKWIMDIAKIVVVCVVVVCRVRVSS,1
HLA-A*02:11,HLA-A0211,MYFAVGFVMYGETRKVKAHSQTHVDLTLYLMFHYAYYIWTTKWVQLRYLTCWLY,KKWMWMFWIQLLSVQVVVVSVQVVQVVVLKWWIMDIAKMVVVCVVVVCHVRVSS,1
HLA-A*34:05,HLA-A3405,MYYAVGFVMYRNTRKVKAQSQTDVDLTLYIRYQDAYYIWITKWEQWRYLTCWLY,KKKMWMFWIQLLSVQVVVVSVLVVQVVVLKWWTIDIAKMVVVCVVRVCHVRVSS,1
Patr-B*16:01:01,Patr-B160101,MYYTVGFVKYRETQISKTNAQTDVSLNLYWTFRYAYYIWITKWVQLRYLTCWLY,KKWMWMFWIQLLSVQRVVQSVQVVQVLVLKWWIIDIAKMVVVCVVSVCRVRVSS,1
HLA-B*38:05,HLA-B3805,MYYSVGFVEYRNTQICKTNTQTYENLIAYLRYNFAYYIWITKWVQLRYLTCWLY,KKWIWIFWIQLLRVQVVVVSVQVVQVLLLKWWIMDIAKMVVVCVLSCCRVRVSS,1
BOLA-1*019:01,BOLA-101901,LYHTVGFVKYRETRISKENTLVYGSLNLYYDYDYGYYLWITKWVRFRYVRCGLY,KKKMWIFWIQLQSVLRVVQSVQVLQVLVLKWKIIDIAKMVVVCVVVVCHVRVSS,1
HLA-B*15:273,HLA-B15273,MYYAVGFVMYRETRNMKASAQTYENLIAYLRYHDAYYIWITKWEQLRHLLCWLY,KKKMWMFWIQLLRVQVVVVVVQVVQVLLLKWWIMDIAKMVVVCVVRVCRVRVSS,1
SLA-1*01:01,SLA-10101,LYYAVGFVMYRETRKQRDTSQTYVGLNLYYSYRYAYYIWITKWVRRRYLLCSLY,KKKMWIFWILVQRVLVVVQRVLVVQVLLLKKWIIDIAKMVVVCVVSVCRVRVSV,1
HLA-A*25:01,HLA-A2501,MYYAVGFVMYRNTRNVKAHSQTDESLIAYIRYQDAYYIWITKWEQWRYLRCWLY,KKKMWMFWIQLQSVQVVVQSVQVVLVLVLKWWTMDIAKMVVVCVVRVCHVRVSS,1
HLA-A*32:01:01:01,HLA-A32010101,MYFAVGFVMYQETRNVKAHSQTDESLIAYIMYQDAYYIWITKWVQLRYLTCWLY,KKKMWMFWIQLLSVQVVVVSVQVVQVLVLKWWIMDIAKMVVVCVVSVCHVRVSS,1
HLA-A*01:38,HLA-A0138,MYFAVGFVMYQETRNMKAHSQTDANLTLYIIYRDAYYIWITKWAQRRYLRCGLY,KKWMWMFWIQLLSVLRVVVSVLVVQVVVLKWWIIDIAKMVVVCVVVVCRVRVSS,1
HLA-B*41:04,HLA-B4104,MYHTVGFVKYRETQISKTNTQTYESLNLYLSYDYAYYIWITKWVQDRYLTCWLY,KKKIWMFWIQLQRVLSVVVSVQVVLVLLLKWWIMDIAKMVVVCVLRVCRVRVSS,1
HLA-A*31:01,HLA-A3101,MYTAVGFVMYQETRNVKAHSQIDVDLTLYIMYQDAYYIWITKWVQLRYLTCWLY,KKKMWMFWIQLLSVQVVVVSVQVVQVVVLKWWIMDIAKMVVVCVVRVCRVRVSS,1
HLA-B*39:123,HLA-B39123,MYYSVGFVEYRNTQICKTNTQTDESLNLYLRYNFAYYIWITKWVQLRYLTCWLY,KKWIWIFWIQLLSVQRVVVSVQVVQVLLLKWWIIDIAKMVVVCVLSCCRVRVSS,1
HLA-A*31:06,HLA-A3106,MYTAVGFVMYQETRNVKAHSQIDVDLTLYIMYRDAYYIWITKWVQLRYLTCWLY,KKKMWMFWIQLLSVQVVVVSVQVVQVVVLKWWIMDIAKMVVVCVVVVCRVRVSS,1
HLA-B*15:17:01:02,HLA-B15170102,MYYAVGFVMYRETRNMKASAQTYENLIAYLRYHDAYYIWITKWEQLRYLLCWLY,KKKMWMFWIQLLRVQVVVQVVQVVQVLLLKWWIMDIAKMVVVCVVRVCRVRVSS,1
HLA-C*01:17,HLA-C0117,MYFSVGFVGYRETQKYKRQAQADVSLNLYLWCDYAYYIWITKWEQRRYLTCWLY,KKKMWIFWIQLLSVQRVVQSVLVVQVLLLKWWTIDIAKMVVVCVLRVCHVRVSS,1
HLA-C*16:02:01:01,HLA-C16020101,MYYAVGFVGYRETQKYKRQAQTDVNLKLYLWYDSAYYIWITKWAQQRYLTCWLY,KKKMWMFWIQLLSVQRVVQSVLVVQVVLLKWWIMDIAKMVVVCVLRVCRVRVSS,1
HLA-A*30:03,HLA-A3003,MYSAVGFVMYQETRNVKAHSQTDENLTLYIIYEHAYYIWITKWRQLRYLTCWLY,KKKMWMFWIQLLSVQVVVVRVLVVQVVVLKWWIIDIAKMVVVCVVVVCRVRVSS,1
HLA-A*36:01:01:01,HLA-A36010101,MYFAVGFVMYQETRNMKAHSQTDANLTLYIIYRDAYYIWITKWAQRRYLTCWLY,KKWMWMFWIQLLSVQRVVVSVLVVQVVVLKWWIMDIAKMVVVCVVVVCRVRVSS,1
H-2-Kq,H-2-Kq,---SVGLVYYRNTQIAKDNEQSSVDLTLYIRYEVAYYIWITKWARRRYLACWLH,---DWDAWILLLSVLSVVVVVLVVQVLVVKWWIIDIAKMVVVCVLRCCHVRVVV,1
HLA-C*03:03:01:01,HLA-C03030101,MYYAVGFVGYRETQKYKRQAQTDVSLNLYIRYDYAYYIWITKWEQLRYLLCWLY,KKKMWMFWIQLLSVQRVVQSVQVVLVLLLKWWIMDIAKMVVVCVLRVCRVRVSS,1
HLA-B*15:250,HLA-B15250,MYYAVGFVMYRETQISKTNTQTYESLNLYIRYDSAYYIWITKWEQLRYLLCWLY,KKKMWMFWIQLLSVQSVVVSVQVVQVLLLKWWIMDIAKMVVVCVLRVCRVRVSS,1
HLA-A*01:06,HLA-A0106,MYFAVGFVMYQETRNMKAHSQTDANLTLYIIYRDAYYIWITKWAQLRYLRCGLY,KKWMWMFWIQLLSVQVVVVSVLVVQVVVLKWWIMDIAKMVVVCVVRVCRVRVSS,1
Mamu-B:00801,Mamu-B00801,MYSSVGFVEYEETRRAKGHAQTDADLTLYLTYHYAYYFWITKWEQVRYLTCWLY,KKKMWMFWIQLLSVQSVVQSVQVVQVVVLKWWTMDIAKIVVVCVLRVCRVRVSS,1
HLA-B*14:02:01:01,HLA-B14020101,MYYSVGFVEYRNTQICKTNTQTDESLNLYLWYNFAYYIWITKWEQLRYLTCWLH,KKKMWIFWIQLLSVQSVVQSVQVVQVLLLKKWIIDIAKMVVVCVLRVCRVRVSS,1
HLA-B*44:07,HLA-B4407,MYYTVGFVKYRETQISKTNTQTYENLTAYIRYDDAYYIWITKWVQLRYLLCSLY,KKWMWMFWILLLRVLSVVVSVQVVQVLVLKWWIMDIAKMVVVCVLVVCRVRVSS,1
HLA-B*40:36,HLA-B4036,MYHTVGFVKYRETQISKTNTQTYESLNLYLRYNFAYYIWISKLVQLRYLECWLY,KKKIWMFWIQLQRVQSVVVSVQVVQVLLLKWWIMDIAKMVVVCVLRVCRVRVSS,1
HLA-E01:01,HLA-E0101,LYHSVGFVMYRETRSARDTAQIFVNLTLYLWHEFAYYLWISKSEHQRYLTCWLY,KKKMWIFWIQVQSVLRVVVSVLVVQVVVLKKWIIDIAKIVVVCVLVVCRVRVSV,1
HLA-A*68:26,HLA-A6826,MYYAVGFVMYRNTRNVKAQSQTDVDLTLYIMYRDAYYIWTTKWVQQRYLTCGLY,KKKMWMFWIQLQSVQVVVQSVQVVQVVVLKWWIMDIAKMVVVCVVRVCRVRVSS,1
Mamu-B*090:01:01:01,Mamu-B090010101,LYHYVGFVMYEETRRAKANAQTDVDLTLYIWSRDAYYIWNTKWYRFRYLTCWLY,KKKIWIFWIQLLRVQSVVQSVQVVQVVVLKWWIMDIAKMVVVCVVRVCHVRVSS,1
HLA-A*02:35:01,HLA-A023501,MYFAVGFVMYGETRKVKAQSQTDVDLTLYVRYHYAYYIWTTKWVQLRYLTCWLY,KKKMWMFWIQLLSVQVVVVSVQVVQVLVLKWWTMDIAKMVVVCVVVVCHVRVSS,1
HLA-B*15:05:01:01,HLA-B15050101,MYYAVGFVMYRETQISKTNTQTYESLNLYLRYDSAYYIWITKWVQLRYLLCWLY,KKWMWMFWIQLLSVQSVVVSVQVVQVLLLKWWIMDIAKMVVVCVLRVCRVRVSS,1
HLA-C*04:03:01:01,HLA-C04030101,MYYAVGFVGYRETQKYKRQAQADVNLKLYLRFNFAYYIWITKWEQRRYLTCWLY,KKKMWMFWIQLLSVQRVVQSVQVVQVVLLKWWIIDIAKMVVVCVLRVCRVRVSS,1
HLA-B*39:05:01:01,HLA-B39050101,MYYSVGFVEYRNTQICKTNTQTYESLNLYLRYNFAYYIWITKWVQLRYLTCWLY,KKWIWIFWIQLLSVQRVVVSVQVVQVLLLKWWIIDIAKMVVVCVLRCCRVRVSS,1
HLA-B*40:40,HLA-B4040,MYYTVGFVKYRETQISKTNTQTYESLNLYLSYNYAYYIWITKWVQLRYLECWLY,KKWMWMFWIQLLSVQSVVVSVQVVQVLLLKWWIMDIAKMVVVCVLRVCRVRVSS,1
SLA-104:01,SLA-10401,LYYAVGFVMYRETRNVKETAQTYVGLTLYLSYRDAYYIWITKWERRRYLLCSLY,KKKMWIFWIQQLRLLVVLQRVQVLQVLVLKKWMIDIAKMVVVCVVRVCRVRVSV,1
HLA-B*40:04:01:01,HLA-B40040101,MYHTVGFVKYRETQISKTNTQTYESLNLYIRYNYAYYIWITKWVQLRYLECWLY,KKWMWMFWIQLLSVQSVVVSVQVVQVLLLKWWIMDIAKMVVVCVLRVCRVRVSS,1
HLA-B*35:309,HLA-B35309,MYYAVGFVTYRNTQIFKTNTQTYESLNLYIRYNYAYYIWITKWVQLRYLLCSLY,KKWMWMFWIQLLSVQVVVVSVQVVQVLLLKWWIMDIAKMVVVCVLRVCRVRVSS,1
HLA-B*18:11,HLA-B1811,MYHSVGFVTYRNTQISKTNTQTYESLNLYLRYDSAYYIWITKWVQLRYLTCWLY,KKKIWMFWIQLLRVQSVVVSVQVVQVLLLKWWIMDIAKMVVVCVLSVCRVRVSS,1
HLA-A*02:19,HLA-A0219,MYFAVGFVMYGETRKVKAHSQTHVDLTLYVRYHYAYYIWITKWVQQRYLTCGLY,KKKMWMFWIQLLSVQVVVVSVQVVQVLVLKWWTMDIAKMVVVCVVRVCHVRVSS,1
HLA-B*07:04:01,HLA-B070401,MYYSVGFVEYRNTQIYKAQAQTDESLNLYLSYDYAYYIWITKWEQDRYLECWLY,KKWMWIFWIQLQSVQSVVQSVQVVQVLLLKWWTIDIAKMVVVCVLSCCRVRVSS,1
HLA-B*48:02:01,HLA-B480201,MYYSVGFVEYRETQISKTNTQTYESLNLYIRYDSAYYIWITKWVQLRYLLCWLY,KKWMWIFWIQLLSVQSVVVSVQVVQVLLLKWWIMDIAKMVVVCVLRVCRVRVSS,1
HLA-B*35:220,HLA-B35220,MYYAVGFVTYRNTQIFKTNTQTYESLNLYIRYNYAYYIWITKWVQLRYLLCWLY,KKWMWMFWIQLLSVQVVVVSVQVVQVLLLKWWIMDIAKMVVVCVLRVCRVRVSS,1
HLA-C*12:04:01,HLA-C120401,MYYAVGFVGYRETQKYKRQAQADVNLKLYLWYDSAYYIWITKWEQWRYLTCWLY,KKKMWMFWIQLLSVQSVVQSVLVLQVVLLKWWIMDIAKMVVVCVVRCCRVRVSS,1
HLA-A*32:07,HLA-A3207,MYSAVGFVMYQETRNVKAHSQTDESLIAYIMYQDAYYIWITKWVQLRYLTCWLY,KKKMWMFWIQLLSVQVVVVSVQQVQVLVLKWWIMDIAKMVVVCVVRVCHVRVSS,1
HLA-G*01:04:01:01,HLA-G01040101,MYSAMGFVMYEETRNTKAHAQTDMNLTLYLWIEYAYYLWISKCVQRRYLTCWLY,KKKMWMFWIQLQRLLVVVQSVQVVQVVLLKKWIIDIAKIVVVCVLSVCHVRVSS,1
HLA-B*27:10,HLA-B2710,MYHTVGFVEYRETQICKAKAQTDEDLTLYLNYHDAYYIWITKWEQLRYLECWLY,KKWMWMFWIQLLSVQSVVQSVQVVQVLVLKWWIIDIAKMVVVCVVRVCRVRVSS,1
Patr-A03:01,Patr-A0301,MYYAVGFVMYQETRNMKASAQTDVDLTLYIIYRDAYYIWITKWAQLRYLRCWLY,KKWMWMFWIQLLSVQVVVVSVQVVQVVVLKWWIMDIAKMVVVCVVRVCRVRVSS,1
HLA-B*51:14,HLA-B5114,MYYAVGFVTYRNTQIFKTNTQTYENLIAYWTYKYAYYIWITKWEQLRYLLCWLH,KKWIWMFWIQLVSVLVVVVSVQVQQVVVLKWWIIDIAKMVVVCVVRVCRVRVSS,1
HLA-B*40:01:01,HLA-B400101,MYHTVGFVKYRETQISKTNTQTYESLNLYLRYNYAYYIWISKLVQLRYLECWLY,KKKIWMFWIQLQRVQSVVVSVQVVQVLLLKWWIIDIAKMVVVCVLRVCRVRVSS,1
HLA-B*15:16:01:01,HLA-B15160101,MYYAVGFVMYRETRNMKASAQTYENLIAYWRYDSAYYIWITKWEQLRYLLCWLY,KKKMWMFWIQLLRVLVVVVNVQVVQLVLLKWWIIDIAKMVVVCVVRVCRVRVSS,1
BOLA-6*013:02,BOLA-601302,LYHTVGFVTYRETQISKENALWYEALNLYLLYEYGYYLWISKMARFRYLTCWLY,KKWMWIFWILVLRVLSVLVSVLVVQVLLLKWWIMDIAKMVVQCVVVVCHVRVSV,1
HLA-B*27:07:01,HLA-B270701,MYHTVGFVEYRETQICKAKAQTDEDLTLYLSYNYAYYIWITKWVQLRYLECWLY,KKWMWMFWIQLLSVQSVVQSVQVVQVLVLKWWIMDIAKMVVVCVLRVCRVRVSS,1
HLA-A*02:67,HLA-A0267,MYFAVGFVMYGETRKVKAHSQTHVDLTLYVRYHYAYYIWTTKWVQLRYLTCWLY,KKKMWMFWIQLLSVQVVVVSVQVVQVLVLKWWTMDIAKMVVVCVVVVCRVRVSS,1
HLA-A*68:03:01:01,HLA-A68030101,MYYAVGFVMYRNTRNVKAHSQTDVDLTLYIMYRDAYYIWTTKWVQWRYLTCWLY,KKKMWMFWIQLQSVQVVVVSVLVVQVVVLKWWIMDIAKMVVVCVVRVCRVRVSS,1
HLA-A*24:17:01:01,HLA-A24170101,MYSAVGFVMYEETGKVKAHSQTDENLIAYLMFRDAYYIWITKWVQQRYLTCGLY,KKKMWMFWIQLLSVQVVVVSVQVVQVLLLKWWIIDIAKMVVVCVLRVCHVRVSS,1
BOLA-1*021:01,BOLA-102101,LYYTVGFVKYRETRISKENTLVYGSLNLYFQFRYAYYIWITKWDRFRYVECGLY,KKWMWIFWIQLQSVLRVVQSVLVLQVLLLKKKIMDIAKMVVVCVVVVCRVRVSS,1
HLA-B*07:06:01:01,HLA-B07060101,MYYSVGFVEYRNTQIYKAQAQTDESLNLYLSYNYAYYIWITKWEQRRYLECWLY,KKWMWIFWIQLQSVQSVVQSVQVVQVLLLKWWIIDIAKMVVVCVLRVCRVRVSS,1
HLA-A*01:09:01:01,HLA-A01090101,MYFAVGLVMYQETRNMKAHSQTDANLTLYIIYRDAYYIWITKWAQRRYLRCGLY,KKWMWMAWIQLLSVLRVVVSVLVVQVVVLKWWIMDIAKMVVVCVVVVCRVRVSS,1
HLA-A*66:03:01:01,HLA-A66030101,MYYAVGFVMYRNTRNVKAHSQTDVDLTLYIRYQDAYYIWITKWEQWRYLECWLY,KKKMWMFWIQLQSVQVVVVSVLVVQVVVLKWWTIDIAKMVVVCVVRVCHVRVSS,1
HLA-B*15:133,HLA-B15133,MYYSVGFVEYRNTQICKTNTQTYESLNLYLRYDFAYYIWITKWEQLRYLLCWLY,KKWIWIFWIQLLSVQSVVVSVQVVQVLLLKWWIIDIAKMVVVCVLRVCRVRVSS,1
HLA-B*50:01:01:01,HLA-B50010101,MYHTVGFVKYRETQISKTNTQTYESLNLYWRYNLAYYIWITKWEQLRYLLCWLY,KKKMWMFWIQLLSVLSVVQSVQVLQVLLLKWWIIDIAKMVVVCVVRVCRVRVSS,1
HLA-B*67:01:01,HLA-B670101,MYYSVGFVEYRNTQIYKAQAQTDESLNLYLRYNFAYYIWITKWVQLRYLTCWLY,KKWMWIFWIQLLSVQSVVQSVQVVQVLLLKWWIIDIAKMVVVCVLRCCRVRVSS,1
HLA-A*24:20:01:01,HLA-A24200101,MYSAVGFVMYEETGKVKAHSQTDENLIAYLMFHYAYYIWITKWVQQRYLTCGLY,KKKMWMFWIQLLSVQVVVVSVQVVQVLLLKWWIMDIAKMVVVCVVRVCHVRVSS,1
HLA-A*01:03:01:01,HLA-A01030101,MYFAVGFVMYQETRNMKAHSQTDANLTLYIMYRDAYYIWITKWAQRRYLRCGLY,KKKMWMFWIQLLSVQVVVVSVLVVQVVVLKWWIMDIAKMVVVCVVVVCRVRVSS,1
HLA-A*11:01:01:01,HLA-A11010101,MYYAVGFVMYQETRNVKAQSQTDVDLTLYIIYRDAYYIWITKWAQQRYLRCWLY,KKKMWMFWIQLLSVQVVVVSVLVVQVVVLKWWIIDIAKMVVVCVLRVCRVRVSS,1
BOLA-1*067:01,BOLA-106701,LYYAVGIAMYEMTRDAKEDQQRSLCLTLYFQFTFGYYIWITKWARFRYLTCWLY,KKKMWIAWIVVVRVLRVVVSVLVLQVLLLKKWIIDIAKMVVVCVVSVCRVRVSV,1
HLA-B*44:04,HLA-B4404,MYYTVGFVKYRETQISKTNTQTYENLTAYIRYDDAYYIWITKWVQRRYLTCSLY,KKWMWMFWILLLRVLSVVVSVQVVQVLVLKWWIMDIAKMVVVCVLSVCRVRVSS,1
HLA-A*02:50,HLA-A0250,MYFAVGFVMYGETRKVKAHSQTHVDLTLYIRYHYAYYIWTTKWVQWRYLTCWLY,KKKMWMFWIQQLSVQVVVVSVQVVQVLVLKWWTMDIAKMVVVCVVRVCHVRVSS,1
HLA-C*12:03,HLA-C1203,MYYAVGFVGYRETQKYKRQAQADVSLNLYLWYDSAYYIWITKWEQWRYLTCWLY,KKKMWMFWIQLLSVQSVVQSVQVVQVLLLKWWIMDIAKMVVVCVLRCCRVRVSS,1
H-2-Kb,H-2-Kb,LYVEVGFVYYRETQKAKGNEQSFVDLTLYIVSQYAYYIWITKWERLRYLTCWLY,KKWIWIFWIVVLRVLSVLQSVLVVLVVVLKWFTIDIAKMVVVCVVSVCHVRVSV,1
